Construct,Barcode,mvaE seq_1_A,mvaE seq_1_C,mvaE seq_1_G,mvaE seq_1_T,mvaE seq_2_A,mvaE seq_2_C,mvaE seq_2_G,mvaE seq_2_T,mvaS seq_1_A,mvaS seq_1_C,mvaS seq_1_G,mvaS seq_1_T,mvaS seq_2_A,mvaS seq_2_C,mvaS seq_2_G,mvaS seq_2_T,mvaS seq_3_A,mvaS seq_3_C,mvaS seq_3_G,mvaS seq_3_T,mvaK1 seq_1_A,mvaK1 seq_1_C,mvaK1 seq_1_G,mvaK1 seq_1_T,mvaK1 seq_2_A,mvaK1 seq_2_C,mvaK1 seq_2_G,mvaK1 seq_2_T,mvaK1 seq_3_A,mvaK1 seq_3_C,mvaK1 seq_3_G,mvaK1 seq_3_T,idi seq_1_A,idi seq_1_C,idi seq_1_G,idi seq_1_T,idi seq_2_A,idi seq_2_C,idi seq_2_G,idi seq_2_T,Barcode,Construct,idi TIR,idi seq,idi seq_rbs,lim mg/l,mvaE TIR,mvaE seq,mvaE seq_rbs,mvaK1 TIR,mvaK1 seq,mvaK1 seq_rbs,mvaS TIR,mvaS seq,mvaS seq_rbs,ODind,ODharv,,well,limonene_qtof_67,limonene_qtof_93,limonene_qtof_79,sec.butylbenzene_qtof_105,sec.butylbenzene_qtof_79,sec.butylbenzene_qtof_91,results,cl,RBS,DTS,C_predunweigthed,C_predX,C_predX2,LODunweigthed,LODX,LODX2,FC,color_id,RBS.formatted,sequence
MVARBS041,,1,0,0,0,0,0,1,0,0,0,1,0,1,0,0,0,0,0,1,0,1,0,0,0,0,0,1,0,0,1,0,0,0,0,0,1,0,0,0,1,,MVARBS041,12708.48,AAATTGGGAGGTGGGCG,TT,15.1633339721,8133.89,TTTTAAGGAAGGAACGTACAT,AG,20496.44,TTTAACACGAGAGGAGGCATACG,AGC,24672.02,AAAAGATGAGGAGTGCAAAAA,GAG,0.757,1.736,79,90,1162401.62548828,852201.139404297,634919.630126953,16507795.0950928,2663135.73632812,2853338.10693359,0.0516241650986829,library,MVARBS41,170508xxxLIM01.xlsx,5.70914365755053,11.938131537456,13.999852637143,<LOD,NA,NA,1.71459495856938,RBS above CTR,MVARBS041,MVARBS041
MVARBS165,,0,1,0,0,0,0,0,1,0,0,1,0,1,0,0,0,1,0,0,0,0,1,0,0,0,0,1,0,1,0,0,0,0,0,0,1,0,0,0,1,,MVARBS165,12709.48,AAATTGGGAGGTGGGCG,TT,15.0148372644,2551.61,TTTTAAGGACGTAACGTACAT,CT,79074.16,TTTAACACGCGAGGAGGAATACG,CGA,36992.31,AAAAGATGAGGAGTACAAAAA,GAA,0.723,1.904,MVARBS165 TB_Glc_amp_kan  25uMIPTG_200nMaTet_35.mzXML,35,1095170.46972656,817067.936279297,625079.516601562,16124798.451416,2566553.74707031,2749973.87011719,0.0506715131194428,library,MVARBS165,170508xxxLIM02.xlsx,5.42489120613923,12.1643029003647,14.5514690816034,<LOD,NA,NA,1.68295449953718,RBS above CTR,MVARBS165,MVARBS165
MVARBS036,,1,0,0,0,0,0,1,0,0,0,1,0,1,0,0,0,0,0,1,0,0,0,0,1,0,1,0,0,1,0,0,0,0,0,0,1,1,0,0,0,,MVARBS036,21806.87,AAATTGGGAGGAGGGCG,TA,13.5020448821,8133.89,TTTTAAGGAAGGAACGTACAT,AG,4855.48,TTTAACACGTGACGAGGAATACG,TCA,24672.02,AAAAGATGAGGAGTGCAAAAA,GAG,0.654,1.736,6,6,1020336.58544922,744131.59387207,563042.148681641,16058100.7099609,2586762.03955078,2797648.71240234,0.0463399506151111,library,MVARBS36,170508xxxLIM01.xlsx,3.69404192175434,10.0035710065007,12.1523466922035,<LOD,NA,NA,1.53909018292386,RBS above CTR,MVARBS036,MVARBS036
MVARBS088,,1,0,0,0,1,0,0,0,0,0,1,0,1,0,0,0,0,0,1,0,1,0,0,0,0,0,1,0,1,0,0,0,0,0,0,1,1,0,0,0,,MVARBS088,21808.87,AAATTGGGAGGAGGGCG,TA,13.4477442424,2037.45,TTTTAAGGAAGAAACGTACAT,AA,52738.49,TTTAACACGAGAGGAGGAATACG,AGA,24672.02,AAAAGATGAGGAGTGCAAAAA,GAG,0.68,2.359,MVARBS88 TB_Glc_amp_kan  25uMIPTG_200nMaTet_61.mzXML,61,998309.810058594,708699.341918945,551698.188964844,15504151.8979492,2504998.10302734,2709544.74414062,0.0457102940285748,library,MVARBS88,170508xxxLIM02.xlsx,3.53736091675478,10.3587829009724,12.8407826601081,<LOD,NA,NA,1.51817737964963,RBS above CTR,MVARBS088,MVARBS088
MVARBS095,,1,0,0,0,1,0,0,0,0,0,1,0,1,0,0,0,0,0,1,0,1,0,0,0,0,0,1,0,1,0,0,0,0,0,0,1,1,0,0,0,,MVARBS095,21809.87,AAATTGGGAGGAGGGCG,TA,13.0471502902,2037.45,TTTTAAGGAAGAAACGTACAT,AA,52738.49,TTTAACACGAGAGGAGGAATACG,AGA,24672.02,AAAAGATGAGGAGTGCAAAAA,GAG,0.741,1.942,MVARBS95 TB_Glc_amp_kan  25uMIPTG_200nMaTet_50.mzXML,50,1134246.56103516,847712.653320312,625750.115478516,19077087.3831787,3128196.16064453,3373974.78662109,0.0444361676545963,library,MVARBS95,170508xxxLIM02.xlsx,3.05261068110909,9.89509431801791,12.4014489706836,<LOD,NA,NA,1.47585978181095,RBS above CTR,MVARBS095,MVARBS095
MVARBS107,,1,0,0,0,1,0,0,0,0,0,1,0,1,0,0,0,0,0,1,0,1,0,0,0,0,1,0,0,1,0,0,0,1,0,0,0,1,0,0,0,,MVARBS107,61386.55,AAATAGGGAGGAGGGCG,AA,12.8118371285,2037.45,TTTTAAGGAAGAAACGTACAT,AA,8914.4,TTTAACACGAGACGAGGAATACG,ACA,24672.02,AAAAGATGAGGAGTGCAAAAA,GAG,0.814,2.624,MVARBS107 TB_Glc_amp_kan  25uMIPTG_200nMaTet_4.mzXML,4,958756.015625,701675.409423828,541780.395507812,16061590.0632324,2630352.24511719,2826368.98583984,0.0436865470144252,library,MVARBS107,170508xxxLIM02.xlsx,2.76741229781755,9.6222873661384,12.1429709984502,<LOD,NA,NA,1.45096260879091,RBS above CTR,MVARBS107,MVARBS107
MVARBS005,,0,0,1,0,1,0,0,0,0,0,1,0,1,0,0,0,0,0,1,0,0,0,0,1,0,1,0,0,1,0,0,0,0,0,0,1,1,0,0,0,,MVARBS005,21803.87,AAATTGGGAGGAGGGCG,TA,12.4025508768,33181.06,TTTTAAGGAGGAAACGTACAT,GA,4855.48,TTTAACACGTGACGAGGAATACG,TCA,24672.02,AAAAGATGAGGAGTGCAAAAA,GAG,0.661,1.723,74,85,907059.400390625,648996.403320312,519862.968017578,15157061.1484375,2400974.96826172,2646968.65820312,0.0428180896655692,library,MVARBS5,170508xxxLIM01.xlsx,2.351002547649,8.71421130891876,10.9210077558759,<LOD,NA,NA,1.42211850856702,RBS above CTR,MVARBS005,MVARBS005
MVARBS030,,1,0,0,0,0,0,1,0,0,0,1,0,1,0,0,0,0,0,1,0,0,1,0,0,0,1,0,0,0,1,0,0,0,0,0,1,0,0,0,1,,MVARBS030,12705.48,AAATTGGGAGGTGGGCG,TT,11.8161858258,8133.89,TTTTAAGGAAGGAACGTACAT,AG,1203.18,TTTAACACGCGACGAGGCATACG,CCC,24672.02,AAAAGATGAGGAGTGCAAAAA,GAG,0.485,1.387,5,5,920437.998535156,649932.752563477,512161.001953125,15878701.8944092,2563825.62451172,2781652.65429688,0.0409311010991594,library,MVARBS30,170508xxxLIM01.xlsx,1.63141140549882,8.02338136356182,10.2612649302746,<LOD,NA,NA,1.35944590017404,RBS above CTR,MVARBS030,MVARBS030
MVARBS018,,0,1,0,0,0,0,0,1,0,0,0,1,1,0,0,0,1,0,0,0,1,0,0,0,0,0,1,0,0,1,0,0,0,0,0,1,1,0,0,0,,MVARBS018,21804.87,AAATTGGGAGGAGGGCG,TA,11.3161069069,2551.61,TTTTAAGGACGTAACGTACAT,CT,20496.44,TTTAACACGAGAGGAGGCATACG,AGC,86990.22,AAAATATGAGGAGTACAAAAA,TAA,0.547,1.676,44,51,861441.635253906,619406.302612305,484077.067382812,15754296.5777588,2556406.96435547,2767137.80957031,0.0393166587638546,library,MVARBS18,170508xxxLIM01.xlsx,1.01575404292776,7.4323310889952,9.69681172317814,<LOD,NA,NA,1.30582537800728,RBS above CTR,MVARBS018,MVARBS018
MVARBS033,,1,0,0,0,0,0,0,1,0,0,0,1,1,0,0,0,0,0,1,0,0,0,0,1,0,0,1,0,1,0,0,0,0,0,0,1,0,0,0,1,,MVARBS033,12706.48,AAATTGGGAGGTGGGCG,TT,11.2928146777,5736.24,TTTTAAGGAAGTAACGTACAT,AT,35173.93,TTTAACACGTGAGGAGGAATACG,TGA,53024.08,AAAATATGAGGAGTGCAAAAA,TAG,0.733,1.956,56,65,863489.145507812,619976.763305664,486132.653320312,15799070.7302246,2492506.13476562,2766249.88330078,0.0392413436139386,library,MVARBS33,170508xxxLIM01.xlsx,0.98703308737244,7.40475807566211,9.67047948635346,<LOD,NA,NA,1.30332393365262,RBS above CTR,MVARBS033,MVARBS033
MVARBS112,,1,0,0,0,0,0,1,0,0,0,1,0,1,0,0,0,0,0,1,0,1,0,0,0,0,0,1,0,1,0,0,0,1,0,0,0,1,0,0,0,,MVARBS112,61386.55,AAATAGGGAGGAGGGCG,AA,10.9018134735,8133.89,TTTTAAGGAAGGAACGTACAT,AG,52738.49,TTTAACACGAGAGGAGGAATACG,AGA,24672.02,AAAAGATGAGGAGTGCAAAAA,GAG,0.477,1.953,MVARBS112 TB_Glc_amp_kan  25uMIPTG_200nMaTet_64.mzXML,64,815169.170410156,599330.922607422,466514.731933594,15953651.241333,2551745.23876953,2794563.82763672,0.0375670066708406,library,MVARBS112,170508xxxLIM02.xlsx,0.439190636152263,7.39522335726053,10.0328818490248,<LOD,NA,NA,1.24771413006365,RBS above CTR,MVARBS112,MVARBS112
MVARBS063,,1,0,0,0,1,0,0,0,0,0,1,0,1,0,0,0,1,0,0,0,1,0,0,0,0,1,0,0,1,0,0,0,1,0,0,0,1,0,0,0,,MVARBS063,61386.55,AAATAGGGAGGAGGGCG,AA,10.65896944,2037.45,TTTTAAGGAAGAAACGTACAT,AA,8914.4,TTTAACACGAGACGAGGAATACG,ACA,36992.31,AAAAGATGAGGAGTACAAAAA,GAA,0.747,1.497,60,69,805407.926757812,576479.69934082,450263.599609375,15501937.0715332,2442573.94433594,2662739.86181641,0.0371875912462212,library,MVARBS63,170508xxxLIM01.xlsx,0.203847625474705,6.65287559941249,8.95243147361901,<LOD,NA,NA,1.23511259407731,RBS above CTR,MVARBS063,MVARBS063
MVARBS054,,0,1,0,0,0,0,0,1,0,0,0,1,1,0,0,0,1,0,0,0,0,0,0,1,0,1,0,0,1,0,0,0,0,0,0,1,1,0,0,0,,MVARBS054,21807.87,AAATTGGGAGGAGGGCG,TA,10.4250617383,2551.61,TTTTAAGGACGTAACGTACAT,CT,4855.48,TTTAACACGTGACGAGGAATACG,TCA,86990.22,AAAATATGAGGAGTACAAAAA,TAA,1.05,2.681,48,56,857030.651367188,594288.252929688,488841.694335938,16314240.1538086,2599857.25732422,2816580.51416016,0.0364275778293572,library,MVARBS54,170508xxxLIM01.xlsx,-0.0859786789480848,6.37463330553276,8.68670999121983,<LOD,NA,NA,1.20987024545029,RBS above CTR,MVARBS054,MVARBS054
MVARBS050,,1,0,0,0,1,0,0,0,0,0,1,0,1,0,0,0,0,0,1,0,1,0,0,0,0,0,1,0,1,0,0,0,1,0,0,0,1,0,0,0,,MVARBS050,61386.55,AAATAGGGAGGAGGGCG,AA,10.2530539505,2037.45,TTTTAAGGAAGAAACGTACAT,AA,52738.49,TTTAACACGAGAGGAGGAATACG,AGA,24672.02,AAAAGATGAGGAGTGCAAAAA,GAG,0.665,1.91,8,8,718143.63671875,512478.771972656,416820.690917969,14287936.1257324,2255880.88037109,2429761.31835938,0.0358679355410672,library,MVARBS50,170508xxxLIM01.xlsx,-0.29939472215833,6.16974724616759,8.4910437369696,<LOD,NA,NA,1.1912828291837,RBS above CTR,MVARBS050,MVARBS050
MVARBS142,,1,0,0,0,0,0,1,0,0,0,0,1,1,0,0,0,0,0,1,0,0,1,0,0,0,1,0,0,0,1,0,0,0,0,0,1,1,0,0,0,,MVARBS142,21810.87,AAATTGGGAGGAGGGCG,TA,9.6201018073,8133.89,TTTTAAGGAAGGAACGTACAT,AG,1203.18,TTTAACACGCGACGAGGCATACG,CCC,53024.08,AAAATATGAGGAGTGCAAAAA,TAG,0.431,1.417,MVARBS142 TB_Glc_amp_kan  25uMIPTG_200nMaTet_44.mzXML,44,873163.443847656,648108.399780273,496227.016601562,19391811.7670898,3167639.48779297,3418683.9140625,0.0334217559227853,library,MVARBS142,170508xxxLIM02.xlsx,-1.13789882527668,5.88665600898803,8.6035508643392,<LOD,NA,NA,1.11003779145294,RBS above CTR,MVARBS142,MVARBS142
MVARBS038,,0,1,0,0,0,0,0,1,0,0,0,1,1,0,0,0,1,0,0,0,0,1,0,0,0,1,0,0,0,1,0,0,0,0,0,1,0,0,0,1,,MVARBS038,12707.48,AAATTGGGAGGTGGGCG,TT,9.5672574273,2551.61,TTTTAAGGACGTAACGTACAT,CT,1203.18,TTTAACACGCGACGAGGCATACG,CCC,86990.22,AAAATATGAGGAGTACAAAAA,TAA,0.696,1.933,27,30,917000.900878906,647554.533569336,507790.994140625,19255244.295166,3173542.06445312,3401646.296875,0.0336300346878436,library,MVARBS38,170508xxxLIM01.xlsx,-1.15280404304995,5.35044767452886,7.7086123759093,<LOD,NA,NA,1.11695536038337,RBS above CTR,MVARBS038,MVARBS038
MVARBS169,,1,0,0,0,0,0,1,0,0,0,1,0,0,1,0,0,1,0,0,0,1,0,0,0,0,0,1,0,0,1,0,0,1,0,0,0,0,0,0,1,,MVARBS169,29877.89,AAATAGGGAGGTGGGCG,AT,9.5337459292,8133.89,TTTTAAGGAAGGAACGTACAT,AG,20496.44,TTTAACACGAGAGGAGGCATACG,AGC,4666.94,AAAAGATGAGGCGTACAAAAA,GCA,0.583,1.687,MVARBS169 TB_Glc_amp_kan  25uMIPTG_200nMaTet_83.mzXML,83,766482.441894531,540790.568359375,433157.748535156,16317762.1949463,2612175.62402344,2840569.25048828,0.0331412213205841,library,MVARBS169,170508xxxLIM02.xlsx,-1.24463016472709,5.78456198219364,8.50681924939629,<LOD,NA,NA,1.10072038721562,RBS above CTR,MVARBS169,MVARBS169
MVARBS071,,0,1,0,0,0,0,1,0,0,0,1,0,1,0,0,0,1,0,0,0,1,0,0,0,0,0,1,0,1,0,0,0,1,0,0,0,1,0,0,0,,MVARBS071,61386.55,AAATAGGGAGGAGGGCG,AA,9.4301998232,11658.96,TTTTAAGGACGGAACGTACAT,CG,52738.49,TTTAACACGAGAGGAGGAATACG,AGA,36992.31,AAAAGATGAGGAGTACAAAAA,GAA,0.632,2.027,61,70,746524.485839844,515311.744384766,395404.957519531,15530103.7929688,2443588.12988281,2662168.31054688,0.0331814745898912,library,MVARBS71,170508xxxLIM01.xlsx,-1.32385959630256,5.18622900703193,7.55178349430237,<LOD,NA,NA,1.10205732026796,RBS above CTR,MVARBS071,MVARBS071
MVARBS032,,0,1,0,0,0,0,0,1,0,0,0,1,1,0,0,0,0,0,1,0,0,0,0,1,0,1,0,0,1,0,0,0,0,0,0,1,1,0,0,0,,MVARBS032,21805.87,AAATTGGGAGGAGGGCG,TA,9.1874729806,2551.61,TTTTAAGGACGTAACGTACAT,CT,4855.48,TTTAACACGTGACGAGGAATACG,TCA,53024.08,AAAATATGAGGAGTGCAAAAA,TAG,0.643,1.643,46,53,735724.625976562,500998.334228516,409822.947753906,15469611.9714355,2501488.85717773,2710029.03320312,0.0323859664452866,library,MVARBS32,170508xxxLIM01.xlsx,-1.62722159041094,4.89499202878473,7.27365208404756,<LOD,NA,NA,1.07563608417373,RBS above CTR,MVARBS032,MVARBS032
MVARBS168,,0,1,0,0,0,0,1,0,0,0,0,1,1,0,0,0,0,0,1,0,0,0,0,1,0,0,1,0,0,1,0,0,1,0,0,0,1,0,0,0,,MVARBS168,61386.55,AAATAGGGAGGAGGGCG,AA,8.7522738614,11658.96,TTTTAAGGACGGAACGTACAT,CG,13670.1,TTTAACACGTGAGGAGGCATACG,TGC,53024.08,AAAATATGAGGAGTGCAAAAA,TAG,0.702,2.065,MVARBS168 TB_Glc_amp_kan  25uMIPTG_200nMaTet_71.mzXML,71,699363.612792969,477131.744140625,383677.076660156,15595190.1950684,2503526.84472656,2728747.03808594,0.030594801228619,library,MVARBS168,170508xxxLIM02.xlsx,-2.21343338930719,4.85785176869793,7.62878379178757,<LOD,NA,NA,1.01614605959721,RBS above CTR,MVARBS168,MVARBS168
MVARBS037,,0,1,0,0,0,0,0,1,0,0,0,1,1,0,0,0,0,0,1,0,0,0,0,1,0,1,0,0,0,1,0,0,1,0,0,0,1,0,0,0,,MVARBS037,61387.55,AAATAGGGAGGAGGGCG,AA,8.254384465,2551.61,TTTTAAGGACGTAACGTACAT,CT,5813.16,TTTAACACGTGACGAGGCATACG,TCC,53024.08,AAAATATGAGGAGTGCAAAAA,TAG,0.544,1.083,17,18,556053.188476562,357992.533081055,316306.341308594,15657325.5722656,2475558.46337891,2703330.359375,0.0228642197819007,library,MVARBS37,170508xxxLIM01.xlsx,-5.25827939263535,1.40906326150831,3.94458896189322,<LOD,NA,NA,0.759390023930272,Below CTR,MVARBS037,MVARBS037
MVARBS134,,1,0,0,0,1,0,0,0,0,0,0,1,1,0,0,0,0,0,1,0,0,0,0,1,0,1,0,0,0,1,0,0,0,0,0,1,0,1,0,0,,MVARBS134,2513.99,AAATTGGGAGGCGGGCG,TC,7.832739431,2037.45,TTTTAAGGAAGAAACGTACAT,AA,5813.16,TTTAACACGTGACGAGGCATACG,TCC,53024.08,AAAATATGAGGAGTGCAAAAA,TAG,0.694,1.597,MVARBS134 TB_Glc_amp_kan  25uMIPTG_200nMaTet_43.mzXML,43,513811.47265625,338134.598266602,289986.69140625,15940462.6982422,2571963.84179688,2792400.33007812,0.0212123452541869,library,MVARBS134,170508xxxLIM02.xlsx,-5.78305398380075,1.44332570262755,4.39360313522636,<LOD,NA,NA,0.704526265223608,Below CTR,MVARBS134,MVARBS134
MVARBS048,,1,0,0,0,1,0,0,0,0,0,1,0,0,1,0,0,0,0,1,0,1,0,0,0,0,0,1,0,1,0,0,0,1,0,0,0,1,0,0,0,,MVARBS048,61387.55,AAATAGGGAGGAGGGCG,AA,7.450195165,2037.45,TTTTAAGGAAGAAACGTACAT,AA,52738.49,TTTAACACGAGAGGAGGAATACG,AGA,1156.46,AAAAGATGAGGCGTGCAAAAA,GCG,0.534,1.426,69,79,633855.91796875,413693.051757812,355467.397949219,15821726.651123,2584577.72802734,2764485.07519531,0.0261471494786852,library,MVARBS48,170508xxxLIM01.xlsx,-4.00635493895271,2.61094979299663,5.09239099575919,<LOD,NA,NA,0.868426067354598,Below CTR,MVARBS048,MVARBS048
MVARBS115,,0,1,0,0,0,0,1,0,0,0,0,1,1,0,0,0,0,0,1,0,1,0,0,0,0,1,0,0,1,0,0,0,1,0,0,0,0,0,0,1,,MVARBS115,29877.89,AAATAGGGAGGTGGGCG,AT,7.300162496,11658.96,TTTTAAGGACGGAACGTACAT,CG,8914.4,TTTAACACGAGACGAGGAATACG,ACA,53024.08,AAAATATGAGGAGTGCAAAAA,TAG,0.569,1.536,MVARBS115 TB_Glc_amp_kan  25uMIPTG_200nMaTet_5.mzXML,5,612429.285644531,423564.424560547,353209.472412109,16093998.2145996,2528718.66918945,2737931.23388672,0.0263181602801666,library,MVARBS115,170508xxxLIM02.xlsx,-3.84051116579252,3.30146802082761,6.15414792787364,<LOD,NA,NA,0.874105854282294,Below CTR,MVARBS115,MVARBS115
MVARBS006,,0,1,0,0,1,0,0,0,0,0,1,0,1,0,0,0,1,0,0,0,0,0,0,1,0,1,0,0,1,0,0,0,1,0,0,0,0,0,0,1,,MVARBS006,29877.89,AAATAGGGAGGTGGGCG,AT,6.988399057,3496.47,TTTTAAGGACGAAACGTACAT,CA,4855.48,TTTAACACGTGACGAGGAATACG,TCA,36992.31,AAAAGATGAGGAGTACAAAAA,GAA,1.39,1.643,2,2,419784.254394531,262499.67956543,260973.715332031,17003421.8183594,2744750.03076172,2946862.96826172,0.0154380501977547,library,MVARBS6,170508xxxLIM01.xlsx,-8.09020214404008,-1.30967092657836,1.34819691582997,<LOD,<LOD,NA,0.51274442867235,Below CTR,MVARBS006,MVARBS006
MVARBS111,,0,1,0,0,0,0,1,0,0,0,1,0,0,1,0,0,1,0,0,0,1,0,0,0,0,0,1,0,1,0,0,0,1,0,0,0,1,0,0,0,,MVARBS111,61387.55,AAATAGGGAGGAGGGCG,AA,6.806772952,11658.96,TTTTAAGGACGGAACGTACAT,CG,52738.49,TTTAACACGAGAGGAGGAATACG,AGA,4666.94,AAAAGATGAGGCGTACAAAAA,GCA,0.445,1.445,MVARBS111 TB_Glc_amp_kan  25uMIPTG_200nMaTet_52.mzXML,52,518350.172363281,338128.521972656,321444.111328125,18504082.6047363,3051062.72705078,3288758.6953125,0.0182731848530609,library,MVARBS111,170508xxxLIM02.xlsx,-6.90127798900471,0.373686811770505,3.38014622136868,<LOD,NA,NA,0.606907841825106,Below CTR,MVARBS111,MVARBS111
MVARBS080,,1,0,0,0,1,0,0,0,0,0,1,0,1,0,0,0,0,0,1,0,0,1,0,0,0,1,0,0,0,1,0,0,0,0,0,1,0,0,0,1,,MVARBS080,12708.48,AAATTGGGAGGTGGGCG,TT,6.628966079,2037.45,TTTTAAGGAAGAAACGTACAT,AA,1203.18,TTTAACACGCGACGAGGCATACG,CCC,24672.02,AAAAGATGAGGAGTGCAAAAA,GAG,0.722,1.954,73,83,653049.520507812,432156.59777832,372443.346191406,15479542.9277344,2521502.40966797,2753899.34033203,0.027917917201808,library,MVARBS80,170508xxxLIM01.xlsx,-3.33108387952658,3.25923107629671,5.7114998350667,<LOD,NA,NA,0.927238629360391,Below CTR,MVARBS080,MVARBS080
MVARBS029,,0,1,0,0,1,0,0,0,0,0,0,1,1,0,0,0,0,0,1,0,0,0,0,1,0,0,1,0,0,1,0,0,0,0,0,1,0,0,0,1,,MVARBS029,12708.48,AAATTGGGAGGTGGGCG,TT,6.59718757,3496.47,TTTTAAGGACGAAACGTACAT,CA,13670.1,TTTAACACGTGAGGAGGCATACG,TGC,53024.08,AAAATATGAGGAGTGCAAAAA,TAG,0.778,2.242,77,88,518274.181640625,359409.14074707,309600.342285156,15103808.3654785,2403415.76855469,2636007.71972656,0.023795928288427,library,MVARBS29,170508xxxLIM01.xlsx,-4.90297825287385,1.75016343991416,4.2703397447408,<LOD,NA,NA,0.790334886769071,Below CTR,MVARBS029,MVARBS029
MVARBS027,,0,1,0,0,0,0,0,1,0,0,1,0,1,0,0,0,1,0,0,0,0,1,0,0,0,0,1,0,1,0,0,0,1,0,0,0,0,1,0,0,,MVARBS027,5911.84,AAATAGGGAGGCGGGCG,AC,6.335724553,2551.61,TTTTAAGGACGTAACGTACAT,CT,79074.16,TTTAACACGCGAGGAGGAATACG,CGA,36992.31,AAAAGATGAGGAGTACAAAAA,GAA,0.776,2.058,55,64,577014.623046875,405186.483520508,349750.861328125,18333132.2885742,2985166.32958984,3213451.54052734,0.0221013232841304,library,MVARBS27,170508xxxLIM01.xlsx,-5.54920514170725,1.12976546646635,3.67785947553608,<LOD,NA,NA,0.734051919449808,Below CTR,MVARBS027,MVARBS027
MVARBS147,,1,0,0,0,0,0,1,0,0,0,1,0,1,0,0,0,0,0,1,0,1,0,0,0,0,1,0,0,0,1,0,0,0,0,0,1,0,1,0,0,,MVARBS147,2513.99,AAATTGGGAGGCGGGCG,TC,6.320025901,8133.89,TTTTAAGGAAGGAACGTACAT,AG,3877.09,TTTAACACGAGACGAGGCATACG,ACC,24672.02,AAAAGATGAGGAGTGCAAAAA,GAG,1.002,2.15,MVARBS147 TB_Glc_amp_kan  25uMIPTG_200nMaTet_9.mzXML,9,577387.622070312,395727.465942383,335010.469970703,15963151.6665039,2502687.76513672,2757839.10888672,0.0247900586431659,library,MVARBS147,170508xxxLIM02.xlsx,-4.42188805567951,2.74535106324609,5.62724059457455,<LOD,NA,NA,0.823352968342647,Below CTR,MVARBS147,MVARBS147
MVARBS152,,0,0,1,0,0,0,1,0,0,0,0,1,0,1,0,0,1,0,0,0,1,0,0,0,0,1,0,0,0,1,0,0,1,0,0,0,0,0,0,1,,MVARBS152,29877.89,AAATAGGGAGGTGGGCG,AT,6.09370689,41554.33,TTTTAAGGAGGGAACGTACAT,GG,3877.09,TTTAACACGAGACGAGGCATACG,ACC,10730.46,AAAATATGAGGCGTACAAAAA,TCA,0.529,1.057,MVARBS152 TB_Glc_amp_kan  25uMIPTG_200nMaTet_69.mzXML,69,551062.670898438,368061.684326172,326946.253662109,15598388.5112305,2492426.76171875,2684719.39746094,0.0235961352072476,library,MVARBS152,170508xxxLIM02.xlsx,-4.87612452603612,2.31085046937766,5.21556181709628,<LOD,NA,NA,0.783699153114253,Below CTR,MVARBS152,MVARBS152
MVARBS141,,0,1,0,0,1,0,0,0,0,0,0,1,1,0,0,0,1,0,0,0,0,0,0,1,0,1,0,0,0,1,0,0,0,0,0,1,0,0,0,1,,MVARBS141,12708.48,AAATTGGGAGGTGGGCG,TT,5.915173517,3496.47,TTTTAAGGACGAAACGTACAT,CA,5813.16,TTTAACACGTGACGAGGCATACG,TCC,86990.22,AAAATATGAGGAGTACAAAAA,TAA,0.823,1.866,MVARBS141 TB_Glc_amp_kan  25uMIPTG_200nMaTet_32.mzXML,32,682001.986328125,467559.685913086,398386.4765625,16142363.3391113,2619012.34423828,2825864.67578125,0.0289647603693962,library,MVARBS141,170508xxxLIM02.xlsx,-2.83359376488519,4.26463640826956,7.06672662130547,<LOD,NA,NA,0.962007463183243,Below CTR,MVARBS141,MVARBS141
MVARBS160,,0,0,1,0,0,0,0,1,0,0,1,0,0,1,0,0,0,0,1,0,0,0,0,1,0,1,0,0,1,0,0,0,0,0,0,1,0,1,0,0,,MVARBS160,2513.99,AAATTGGGAGGCGGGCG,TC,5.46526409,74594.02,TTTTAAGGAGGTAACGTACAT,GT,4855.48,TTTAACACGTGACGAGGAATACG,TCA,1156.46,AAAAGATGAGGCGTGCAAAAA,GCG,0.729,2.085,MVARBS160 TB_Glc_amp_kan  25uMIPTG_200nMaTet_70.mzXML,70,392912.713378906,245878.041992188,233582.040039062,16104822.5888672,2618816.25830078,2805322.71337891,0.0152673548954309,library,MVARBS160,170508xxxLIM02.xlsx,-8.04486689041187,-0.720214909534854,2.34370086395515,<LOD,<LOD,NA,0.507075120427724,Below CTR,MVARBS160,MVARBS160
MVARBS158,,1,0,0,0,0,0,0,1,0,0,0,1,0,1,0,0,1,0,0,0,1,0,0,0,0,1,0,0,0,1,0,0,0,0,0,1,1,0,0,0,,MVARBS158,21808.87,AAATTGGGAGGAGGGCG,TA,5.45413437,5736.24,TTTTAAGGAAGTAACGTACAT,AT,3877.09,TTTAACACGAGACGAGGCATACG,ACC,10730.46,AAAATATGAGGCGTACAAAAA,TCA,0.659,1.468,MVARBS158 TB_Glc_amp_kan  25uMIPTG_200nMaTet_46.mzXML,46,544839.520996094,356964.205078125,313365.601074219,15781638.8549805,2547131.49511719,2733171.87890625,0.0226189566469183,library,MVARBS158,170508xxxLIM02.xlsx,-5.24789890184502,1.95522911879078,4.87861921006476,<LOD,NA,NA,0.751244092001692,Below CTR,MVARBS158,MVARBS158
MVARBS137,,0,0,1,0,1,0,0,0,0,0,1,0,1,0,0,0,1,0,0,0,1,0,0,0,0,1,0,0,1,0,0,0,1,0,0,0,0,1,0,0,,MVARBS137,5911.84,AAATAGGGAGGCGGGCG,AC,5.04283771,33181.06,TTTTAAGGAGGAAACGTACAT,GA,8914.4,TTTAACACGAGACGAGGAATACG,ACA,36992.31,AAAAGATGAGGAGTACAAAAA,GAA,0.624,1.869,MVARBS137 TB_Glc_amp_kan  25uMIPTG_200nMaTet_79.mzXML,79,482300.313476562,312791.797363281,292031.716796875,15907812.8574219,2515713.65771484,2695606.05322266,0.0196627782943365,library,MVARBS137,170508xxxLIM02.xlsx,-6.37259750497499,0.87939694133633,3.8592943073229,<LOD,NA,NA,0.653060450866194,Below CTR,MVARBS137,MVARBS137
MVARBS019,,1,0,0,0,1,0,0,0,0,0,0,1,0,1,0,0,0,0,1,0,0,1,0,0,0,0,1,0,1,0,0,0,1,0,0,0,0,1,0,0,,MVARBS019,5911.84,AAATAGGGAGGCGGGCG,AC,4.732564732,2037.45,TTTTAAGGAAGAAACGTACAT,AA,79074.16,TTTAACACGCGAGGAGGAATACG,CGA,2376.04,AAAATATGAGGCGTGCAAAAA,TCG,0.787,1.845,54,63,641739.20703125,462840.634765625,353806.996582031,18892485.0046387,3089712,3285942.88574219,0.024498663603649,library,MVARBS19,170508xxxLIM01.xlsx,-4.63499458985041,2.00743611663146,4.5160352358356,<LOD,NA,NA,0.813674856071915,Below CTR,MVARBS019,MVARBS019
MVARBS025,,0,1,0,0,0,0,1,0,0,0,0,1,0,1,0,0,0,0,1,0,0,0,0,1,0,0,1,0,1,0,0,0,0,0,0,1,0,0,0,1,,MVARBS025,12708.48,AAATTGGGAGGTGGGCG,TT,4.578917738,11658.96,TTTTAAGGACGGAACGTACAT,CG,35173.93,TTTAACACGTGAGGAGGAATACG,TGA,2376.04,AAAATATGAGGCGTGCAAAAA,TCG,0.821,2.122,36,40,437225.379394531,265341.14831543,265418.612548828,15663563.748291,2522647.78173828,2729328.51416016,0.0169400241592134,library,MVARBS25,170508xxxLIM01.xlsx,-7.51743388373087,-0.759795528182988,1.8733281026064,<LOD,<LOD,NA,0.562629535333093,Below CTR,MVARBS025,MVARBS025
MVARBS039,,1,0,0,0,0,0,1,0,0,0,1,0,1,0,0,0,0,0,1,0,0,0,0,1,0,1,0,0,0,1,0,0,0,0,0,1,1,0,0,0,,MVARBS039,21808.87,AAATTGGGAGGAGGGCG,TA,4.160834847,8133.89,TTTTAAGGAAGGAACGTACAT,AG,5813.16,TTTAACACGTGACGAGGCATACG,TCC,24672.02,AAAAGATGAGGAGTGCAAAAA,GAG,0.638,1.991,57,66,424547.466796875,263654.468139648,253005.5390625,15093231.0910645,2401681.11816406,2628000.27539062,0.0174683913967062,library,MVARBS39,170508xxxLIM01.xlsx,-7.31594438312116,-0.566359321783508,2.05805974349907,<LOD,<LOD,NA,0.580178212390562,Below CTR,MVARBS039,MVARBS039
MVARBS026,,1,0,0,0,1,0,0,0,0,0,1,0,1,0,0,0,0,0,1,0,0,0,0,1,0,1,0,0,1,0,0,0,0,0,0,1,0,1,0,0,,MVARBS026,2513.99,AAATTGGGAGGCGGGCG,TC,3.964958303,2037.45,TTTTAAGGAAGAAACGTACAT,AA,4855.48,TTTAACACGTGACGAGGAATACG,TCA,24672.02,AAAAGATGAGGAGTGCAAAAA,GAG,1.02,1.907,45,52,499808.176269531,315110.457885742,286653.827392578,15777352.9838867,2499063.546875,2740861.51123047,0.0199723273103899,library,MVARBS26,170508xxxLIM01.xlsx,-6.36108427634974,0.350336169232922,2.93350423967916,<LOD,NA,NA,0.663341511709324,Below CTR,MVARBS026,MVARBS026
