,limonene_qtof_67,limonene_qtof_93,limonene_qtof_79,sec.butylbenzene_qtof_105,sec.butylbenzene_qtof_79,sec.butylbenzene_qtof_91,results,well,cl,C_predunweigthed,C_predX,C_predX2,LODunweigthed,LODX,LODX2,DTS,RBS,FC,Sample_ID,OD_induction,OD_harvest
MVA2_1 TB_Glc_amp_kan 25uMIPTG_200nMaTet_1.mzXML,897998.624511719,568528.071289062,488625.615234375,22398079.0588379,4108166.54101562,4060021.52587891,0.0253828942,1,sample,-27.5981851428,-5.3970888826,3.8983936839,<LOD,<LOD,NA,170731xxxLIM01.xls,1MVA2,1,MVA2_1 TB_Glc_amp_kan 25uMIPTG_200nMaTet,0.564,1.844
MVA2_2 TB_Glc_amp_kan 25uMIPTG_200nMaTet_13.mzXML,953725.551757812,622131.548339844,522055.681640625,24259032.8339844,4576208.14599609,4358610.40478516,0.0256453566,13,sample,-27.4906414926,-5.3023881183,3.9790918456,<LOD,<LOD,NA,170731xxxLIM01.xls,1MVA2,1.0103401294,MVA2_2 TB_Glc_amp_kan 25uMIPTG_200nMaTet,0.596,1.967
MVA2_3 TB_Glc_amp_kan 25uMIPTG_200nMaTet_25.mzXML,597391.832763672,385451.977539062,358790.665039062,16143762.5705566,2745280.96826172,2729372.57958984,0.023876217,25,sample,-28.2155442978,-5.9407228743,3.4351422616,<LOD,<LOD,NA,170731xxxLIM01.xls,1MVA2,0.9406420226,MVA2_3 TB_Glc_amp_kan 25uMIPTG_200nMaTet,0.484,1.725
MVA2_41_1 TB_Glc_amp_kan 25uMIPTG_200nMaTet_37.mzXML,1412416.04638672,914744.068969727,699053.504394531,22822748.1766357,4232882.62060547,4094612.69189453,0.0400803646,37,sample,-21.5759147061,-0.0939992788,8.4173601932,<LOD,<LOD,NA,170731xxxLIM01.xls,MVARBS41_2,1.5790305197,MVA2_41_1 TB_Glc_amp_kan 25uMIPTG_200nMaTet,0.481,1.519
MVA2_41_2 TB_Glc_amp_kan 25uMIPTG_200nMaTet_49.mzXML,1439877.06933594,924035.653076172,698612.692871094,22638447.6002197,4139818.74560547,4095460.64453125,0.0408170944,49,sample,-21.2740405865,0.1718249684,8.6438792528,<LOD,<LOD,NA,170731xxxLIM01.xls,MVARBS41_2,1.6080551758,MVA2_41_2 TB_Glc_amp_kan 25uMIPTG_200nMaTet,0.646,1.954
MVA2_41_3 TB_Glc_amp_kan 25uMIPTG_200nMaTet_61.mzXML,944347.536132812,637273.080932617,511729.538085938,16247378.053833,2751276.77294922,2671848.49804688,0.0392231337,61,sample,-21.9271640479,-0.4033023486,8.1537911574,<LOD,<LOD,NA,170731xxxLIM01.xls,MVARBS41_2,1.5452585244,MVA2_41_3 TB_Glc_amp_kan 25uMIPTG_200nMaTet,0.532,1.561
MVARBS171 TB_Glc_amp_kan 25uMIPTG_200nMaTet_73.mzXML,1375166.26855469,931633.875,687294.405273438,22880559.8916016,4203573.52294922,4093313.12695312,0.0407172674,73,sample,-21.3149445892,0.1358057306,8.6131858756,<LOD,<LOD,NA,170731xxxLIM01.xls,MVARBS171,1.6041223292,MVARBS171 TB_Glc_amp_kan 25uMIPTG_200nMaTet,0.94,1.853
MVARBS172 TB_Glc_amp_kan 25uMIPTG_200nMaTet_85.mzXML,216065.232421875,80617.0762939453,155397.633789062,21690979.3291016,3942503.76806641,3820043.85498047,0.0037166176,85,sample,-36.4759153309,-13.2146386192,-2.7632409637,<LOD,<LOD,<LOD,170731xxxLIM01.xls,MVARBS172,0.1464221378,MVARBS172 TB_Glc_amp_kan 25uMIPTG_200nMaTet,1.702,2.362
MVARBS173 TB_Glc_amp_kan 25uMIPTG_200nMaTet_2.mzXML,1071792.234375,722567.694091797,537859.747558594,19692411.8409424,3430089.2902832,3426998.15332031,0.0366926967,2,sample,-22.9640074969,-1.3163257295,7.3757688366,<LOD,<LOD,NA,170731xxxLIM01.xls,MVARBS173,1.4455678832,MVARBS173 TB_Glc_amp_kan 25uMIPTG_200nMaTet,0.964,2.146
MVARBS174 TB_Glc_amp_kan 25uMIPTG_200nMaTet_14.mzXML,132685.559082031,52423.799987793,110556.973388672,18820477.8776855,3225392.38232422,3225742.12939453,0.0027854659,14,sample,-36.8574535956,-13.5506135021,-3.0495380768,<LOD,<LOD,<LOD,170731xxxLIM01.xls,MVARBS174,0.1097379168,MVARBS174 TB_Glc_amp_kan 25uMIPTG_200nMaTet,2.091,1.621
MVARBS175 TB_Glc_amp_kan 25uMIPTG_200nMaTet_26.mzXML,1507184.50146484,943102.401611328,712871.261230469,23682216.940918,4427684.45751953,4273291.30029297,0.0398232312,26,sample,-21.6812747982,-0.186777246,8.3383005208,<LOD,<LOD,NA,170731xxxLIM01.xls,MVARBS175,1.5689003355,MVARBS175 TB_Glc_amp_kan 25uMIPTG_200nMaTet,1.089,1.913
MVARBS176 TB_Glc_amp_kan 25uMIPTG_200nMaTet_38.mzXML,803782.317871094,547889.985595703,421923.031738281,18003099.8874512,3089585.04248047,3078165.3137207,0.0304330915,38,sample,-25.5288730259,-3.5748944644,5.4511555952,<LOD,<LOD,NA,170731xxxLIM01.xls,MVARBS176,1.198960655,MVARBS176 TB_Glc_amp_kan 25uMIPTG_200nMaTet,0.645,1.697
MVARBS177 TB_Glc_amp_kan 25uMIPTG_200nMaTet_50.mzXML,1253102.70800781,793771.84362793,675254.90234375,20481830.8984375,3788702.47753906,3584930.27734375,0.0387549261,50,sample,-22.1190115022,-0.5722393385,8.0098334541,<LOD,<LOD,NA,170731xxxLIM01.xls,MVARBS177,1.5268127352,MVARBS177 TB_Glc_amp_kan 25uMIPTG_200nMaTet,0.879,1.538
MVARBS178 TB_Glc_amp_kan 25uMIPTG_200nMaTet_62.mzXML,1505283.22705078,939386.603515625,719935.033203125,23659137.3161621,4394231.74169922,4201628.59033203,0.0397050235,62,sample,-21.7297102693,-0.2294285427,8.3019557113,<LOD,<LOD,NA,170731xxxLIM01.xls,MVARBS178,1.5642433517,MVARBS178 TB_Glc_amp_kan 25uMIPTG_200nMaTet,1.095,1.441
MVARBS179 TB_Glc_amp_kan 25uMIPTG_200nMaTet_74.mzXML,255470.861816406,91802.6649169922,180644.740722656,25240106.8808594,4693039.64013672,4571567.66845703,0.0036371742,74,sample,-36.508467191,-13.2433031292,-2.7876670946,<LOD,<LOD,<LOD,170731xxxLIM01.xls,MVARBS179,0.1432923348,MVARBS179 TB_Glc_amp_kan 25uMIPTG_200nMaTet,0.966,2.306
MVARBS180 TB_Glc_amp_kan 25uMIPTG_200nMaTet_86.mzXML,229314.339355469,87525.7783203125,180958.562988281,25015468.1730957,4718116.04931641,4435627.02587891,0.0034988663,86,sample,-36.5651386768,-13.2932068939,-2.8301920109,<LOD,<LOD,<LOD,170731xxxLIM01.xls,MVARBS180,0.1378434729,MVARBS180 TB_Glc_amp_kan 25uMIPTG_200nMaTet,2.018,2.732
MVARBS181 TB_Glc_amp_kan 25uMIPTG_200nMaTet_3.mzXML,790971.776611328,545276.035644531,456252.682617188,16395229.3469238,2803055.35058594,2762960.7409668,0.0332582134,3,sample,-24.371282806,-2.555543918,6.319783381,<LOD,<LOD,NA,170731xxxLIM01.xls,MVARBS181,1.310260882,MVARBS181 TB_Glc_amp_kan 25uMIPTG_200nMaTet,0.781,1.659
MVARBS182 TB_Glc_amp_kan 25uMIPTG_200nMaTet_15.mzXML,981124.475097656,670577.88269043,546777.584472656,16273356.9616699,2749979.42138672,2707247.87158203,0.0412071022,15,sample,-21.1142353948,0.3125461897,8.763793215,<LOD,<LOD,NA,170731xxxLIM01.xls,MVARBS182,1.6234201589,MVARBS182 TB_Glc_amp_kan 25uMIPTG_200nMaTet,0.515,1.46
MVARBS183 TB_Glc_amp_kan 25uMIPTG_200nMaTet_27.mzXML,247700.386230469,93412.2609863281,177635.385742188,24482717.9838867,4575330.84277344,4444512.90722656,0.0038154367,27,sample,-36.4354243359,-13.1789830675,-2.7328574975,<LOD,<LOD,<LOD,170731xxxLIM01.xls,MVARBS183,0.1503152745,MVARBS183 TB_Glc_amp_kan 25uMIPTG_200nMaTet,1.503,2.563
MVARBS184 TB_Glc_amp_kan 25uMIPTG_200nMaTet_39.mzXML,1237997.28417969,777867.220214844,622609.611816406,21228518.2416992,3819162.99951172,3770013.66015625,0.0366425584,39,sample,-22.98455157,-1.334416425,7.3603530596,<LOD,<LOD,NA,170731xxxLIM01.xls,MVARBS184,1.4435926074,MVARBS184 TB_Glc_amp_kan 25uMIPTG_200nMaTet,0.901,2.01
MVARBS185 TB_Glc_amp_kan 25uMIPTG_200nMaTet_51.mzXML,1329097.49853516,875022.58203125,668137.59375,24800652.2108154,4754061.79931641,4595911.28417969,0.0352822407,51,sample,-23.5419400704,-1.8252414706,6.9421021702,<LOD,<LOD,NA,170731xxxLIM01.xls,MVARBS185,1.3900007011,MVARBS185 TB_Glc_amp_kan 25uMIPTG_200nMaTet,0.772,1.696
MVARBS186 TB_Glc_amp_kan 25uMIPTG_200nMaTet_63.mzXML,1059320.88964844,698454.588378906,606966.354980469,17541653.2324219,3039146.74365234,2990817.09814453,0.0398169191,63,sample,-21.6838611741,-0.1890547564,8.3363597666,<LOD,<LOD,NA,170731xxxLIM01.xls,MVARBS186,1.5686516601,MVARBS186 TB_Glc_amp_kan 25uMIPTG_200nMaTet,0.902,1.994
MVARBS187 TB_Glc_amp_kan 25uMIPTG_200nMaTet_75.mzXML,213449.888671875,88043.7336425781,165890.341308594,21788032.6008301,3998108.58007812,3923149.16601562,0.0040409217,75,sample,-36.3430321408,-13.0976243683,-2.6635286223,<LOD,<LOD,<LOD,170731xxxLIM01.xls,MVARBS187,0.1591986186,MVARBS187 TB_Glc_amp_kan 25uMIPTG_200nMaTet,1.821,2.75
MVARBS188 TB_Glc_amp_kan 25uMIPTG_200nMaTet_87.mzXML,1637240.22412109,1078358.9777832,804957.125488281,25781811.3635254,4928315.95947266,4722042.25146484,0.0418263466,87,sample,-20.8605007485,0.5359797899,8.9541895748,<LOD,NA,NA,170731xxxLIM01.xls,MVARBS188,1.6478162908,MVARBS188 TB_Glc_amp_kan 25uMIPTG_200nMaTet,1.061,1.747
MVARBS189 TB_Glc_amp_kan 25uMIPTG_200nMaTet_4.mzXML,1637308.68945312,1082131.2479248,792075.386230469,25341470.1552734,4779860.70458984,4573312.15527344,0.0427019917,4,sample,-20.5017062459,0.8519269756,9.2234203172,<LOD,NA,NA,170731xxxLIM01.xls,MVARBS189,1.6823137398,MVARBS189 TB_Glc_amp_kan 25uMIPTG_200nMaTet,0.935,2.076
MVARBS190 TB_Glc_amp_kan 25uMIPTG_200nMaTet_16.mzXML,848511.740478516,604730.577819824,465324.930908203,17894933.3564453,3034118.17529297,3014268.77075195,0.0337933965,16,sample,-24.1519921808,-2.3624410265,6.484333778,<LOD,<LOD,NA,170731xxxLIM01.xls,MVARBS190,1.3313452829,MVARBS190 TB_Glc_amp_kan 25uMIPTG_200nMaTet,0.904,1.815
MVARBS191 TB_Glc_amp_kan 25uMIPTG_200nMaTet_28.mzXML,140920.522460938,55019.6253662109,144670.6953125,16692787.8096924,2870114.37255859,2833652.66430664,0.0032960118,28,sample,-36.6482580603,-13.3664001427,-2.8925627918,<LOD,<LOD,<LOD,170731xxxLIM01.xls,MVARBS191,0.129851693,MVARBS191 TB_Glc_amp_kan 25uMIPTG_200nMaTet,0.964,2.441
MVARBS192 TB_Glc_amp_kan 25uMIPTG_200nMaTet_40.mzXML,1686905.60449219,1118911.34350586,825079.375488281,26840147.4494629,5153967.94726562,5004859.10009766,0.041687973,40,sample,-20.9171991364,0.4860523357,8.9116444718,<LOD,NA,NA,170731xxxLIM01.xls,MVARBS192,1.6423648423,MVARBS192 TB_Glc_amp_kan 25uMIPTG_200nMaTet,0.927,2.175
MVARBS193 TB_Glc_amp_kan 25uMIPTG_200nMaTet_52.mzXML,958957.176269531,636035.112426758,487365.000244141,17621198.8381348,3015600.9387207,2964431.0324707,0.0360948831,52,sample,-23.2089608596,-1.5320267089,7.1919617403,<LOD,<LOD,NA,170731xxxLIM01.xls,MVARBS193,1.422016056,MVARBS193 TB_Glc_amp_kan 25uMIPTG_200nMaTet,0.641,1.716
MVARBS194 TB_Glc_amp_kan 25uMIPTG_200nMaTet_64.mzXML,1353200.66503906,873443.653320312,661498.883789062,22540848.5444336,4237626.81201172,4119910.16992188,0.0387493688,64,sample,-22.1212886142,-0.5742445173,8.0081247641,<LOD,<LOD,NA,170731xxxLIM01.xls,MVARBS194,1.5265937949,MVARBS194 TB_Glc_amp_kan 25uMIPTG_200nMaTet,0.612,1.731
MVARBS195 TB_Glc_amp_kan 25uMIPTG_200nMaTet_76.mzXML,899406.057128906,609771.51940918,514710.594238281,18047595.3737793,3163973.46435547,3108296.34228516,0.0337868567,76,sample,-24.1546718292,-2.3648006707,6.4823230345,<LOD,<LOD,NA,170731xxxLIM01.xls,MVARBS195,1.3310876395,MVARBS195 TB_Glc_amp_kan 25uMIPTG_200nMaTet,0.705,1.723
MVARBS196 TB_Glc_amp_kan 25uMIPTG_200nMaTet_88.mzXML,1500335.39990234,970424.551025391,750587.922851562,25210673.2302246,4787336.59570312,4605500.73193359,0.0384926076,88,sample,-22.2264962159,-0.6668882046,7.9291795169,<LOD,<LOD,NA,170731xxxLIM01.xls,MVARBS196,1.5164782724,MVARBS196 TB_Glc_amp_kan 25uMIPTG_200nMaTet,0.703,1.897
MVARBS197 TB_Glc_amp_kan 25uMIPTG_200nMaTet_5.mzXML,1253089.29443359,801195.289916992,630157.962402344,21118179.7141113,3836140.18212891,3761225.63818359,0.0379386529,5,sample,-22.4534784603,-0.8667641804,7.7588575144,<LOD,<LOD,NA,170731xxxLIM01.xls,MVARBS197,1.494654336,MVARBS197 TB_Glc_amp_kan 25uMIPTG_200nMaTet,0.895,2.003
MVARBS198 TB_Glc_amp_kan 25uMIPTG_200nMaTet_17.mzXML,238202.500488281,101879.673950195,234143.981445312,21106343.0303955,3909148.36816406,3700546.83789062,0.0048269695,17,sample,-36.0209500216,-12.8140053652,-2.4218459671,<LOD,<LOD,<LOD,170731xxxLIM01.xls,MVARBS198,0.1901662377,MVARBS198 TB_Glc_amp_kan 25uMIPTG_200nMaTet,1.377,2.289
MVARBS199 TB_Glc_amp_kan 25uMIPTG_200nMaTet_29.mzXML,1362077.80664062,864871.377075195,687153.65625,22481612.6772461,4132288.07763672,4037350.76855469,0.0384701662,29,sample,-22.2356915193,-0.6749854029,7.9222795829,<LOD,<LOD,NA,170731xxxLIM01.xls,MVARBS199,1.5155941604,MVARBS199 TB_Glc_amp_kan 25uMIPTG_200nMaTet,0.856,1.882
MVARBS200 TB_Glc_amp_kan 25uMIPTG_200nMaTet_41.mzXML,394539.171142578,232661.084228516,266726.506347656,16374363.3433838,2776889.234375,2752786.34765625,0.0142088629,41,sample,-32.1767307238,-9.428863564,0.4627634911,<LOD,<LOD,NA,170731xxxLIM01.xls,MVARBS200,0.5597810402,MVARBS200 TB_Glc_amp_kan 25uMIPTG_200nMaTet,1.992,3.002
MVARBS201 TB_Glc_amp_kan 25uMIPTG_200nMaTet_53.mzXML,1012339.80664062,663474.841186523,578864.178222656,18378036.996582,3195280.54882812,3170321.91503906,0.0361015075,53,sample,-23.2062465104,-1.5296365078,7.1939985225,<LOD,<LOD,NA,170731xxxLIM01.xls,MVARBS201,1.4222770358,MVARBS201 TB_Glc_amp_kan 25uMIPTG_200nMaTet,0.963,1.861
MVARBS202 TB_Glc_amp_kan 25uMIPTG_200nMaTet_65.mzXML,216887.604492188,85010.6239013672,148776.791503906,20615336.2728271,3761847.47216797,3631302.9609375,0.0041236593,65,sample,-36.3091304941,-13.0677712635,-2.6380896442,<LOD,<LOD,<LOD,170731xxxLIM01.xls,MVARBS202,0.1624582013,MVARBS202 TB_Glc_amp_kan 25uMIPTG_200nMaTet,1.478,2.411
MVARBS203 TB_Glc_amp_kan 25uMIPTG_200nMaTet_77.mzXML,1284815.14599609,808284.876464844,642545.796875,24291413.3830566,4552134.12695312,4403559.33740234,0.03327451,77,sample,-24.3646052942,-2.5496638361,6.3247940248,<LOD,<LOD,NA,170731xxxLIM01.xls,MVARBS203,1.3109029128,MVARBS203 TB_Glc_amp_kan 25uMIPTG_200nMaTet,0.924,1.706
MVARBS204 TB_Glc_amp_kan 25uMIPTG_200nMaTet_89.mzXML,147590.296386719,54817.3076171875,124689.291748047,19303916.3684082,3367730.56054688,3328597.92163086,0.0028396988,89,sample,-36.8352317566,-13.5310453999,-3.0328633447,<LOD,<LOD,<LOD,170731xxxLIM01.xls,MVARBS204,0.1118745069,MVARBS204 TB_Glc_amp_kan 25uMIPTG_200nMaTet,1.255,2.335
MVARBS205 TB_Glc_amp_kan 25uMIPTG_200nMaTet_6.mzXML,1633855.60449219,1045010.21435547,813646.677734375,26144162.7629395,5007080.01269531,4840362.10742188,0.0399710721,6,sample,-21.6206971961,-0.1334338342,8.3837564925,<LOD,<LOD,NA,170731xxxLIM01.xls,MVARBS205,1.5747247635,MVARBS205 TB_Glc_amp_kan 25uMIPTG_200nMaTet,0.566,1.731
MVARBS206 TB_Glc_amp_kan 25uMIPTG_200nMaTet_18.mzXML,335794.8984375,137109.749267578,237320.959960938,27267635.5380859,5340545.81201172,5047540.07763672,0.0050282962,18,sample,-35.938456635,-12.7413633565,-2.3599449191,<LOD,<LOD,<LOD,170731xxxLIM01.xls,MVARBS206,0.1980978291,MVARBS206 TB_Glc_amp_kan 25uMIPTG_200nMaTet,1.52,2.643
MVARBS207 TB_Glc_amp_kan 25uMIPTG_200nMaTet_30.mzXML,1497238.67236328,990331.720947266,726595.5,23761307.6044922,4474719.78466797,4340872.03759766,0.0416783343,30,sample,-20.9211486157,0.482574504,8.9086808777,<LOD,NA,NA,170731xxxLIM01.xls,MVARBS207,1.641985107,MVARBS207 TB_Glc_amp_kan 25uMIPTG_200nMaTet,0.892,2.155
MVARBS208 TB_Glc_amp_kan 25uMIPTG_200nMaTet_42.mzXML,1012918.39941406,676760.333862305,527011.376464844,21536498.5539551,3990530.06420898,3884790.36621094,0.0314238794,42,sample,-25.1228988777,-3.2174018365,5.7557888059,<LOD,<LOD,NA,170731xxxLIM01.xls,MVARBS208,1.2379943424,MVARBS208 TB_Glc_amp_kan 25uMIPTG_200nMaTet,0.406,1.064
MVARBS209 TB_Glc_amp_kan 25uMIPTG_200nMaTet_54.mzXML,1251910.57128906,797906.655639648,628006.761230469,22176717.3208008,4072314.76464844,3996883.69433594,0.0359794754,54,sample,-23.2562490231,-1.5736677096,7.1564778428,<LOD,<LOD,NA,170731xxxLIM01.xls,MVARBS209,1.4174693837,MVARBS209 TB_Glc_amp_kan 25uMIPTG_200nMaTet,0.708,1.626
MVARBS210 TB_Glc_amp_kan 25uMIPTG_200nMaTet_66.mzXML,1980616.44873047,1283062.64990234,951212.452148438,29216790.5935059,5893362.46386719,5557889.29736328,0.0439152495,66,sample,-20.0045753294,1.289690411,9.5964553687,<LOD,NA,NA,170731xxxLIM01.xls,MVARBS210,1.7301119873,MVARBS210 TB_Glc_amp_kan 25uMIPTG_200nMaTet,0.587,1.581
MVARBS211 TB_Glc_amp_kan 25uMIPTG_200nMaTet_78.mzXML,919673.490722656,621884.108276367,537557.732910156,16756428.0303955,2876000.04248047,2836570.34204102,0.0371131668,78,sample,-22.7917203767,-1.1646131743,7.5050489369,<LOD,<LOD,NA,170731xxxLIM01.xls,MVARBS211,1.4621329814,MVARBS211 TB_Glc_amp_kan 25uMIPTG_200nMaTet,1.101,2.214
MVARBS212 TB_Glc_amp_kan 25uMIPTG_200nMaTet_90.mzXML,986034.712158203,639258.772766113,563759.570800781,18285305.5734863,3260917.19921875,3191567.49267578,0.0349602455,90,sample,-23.6738772082,-1.9414226469,6.8430997237,<LOD,<LOD,NA,170731xxxLIM01.xls,MVARBS212,1.3773151815,MVARBS212 TB_Glc_amp_kan 25uMIPTG_200nMaTet,0.786,1.96
MVARBS213 TB_Glc_amp_kan 25uMIPTG_200nMaTet_7.mzXML,1634354.18554688,1103110.54711914,779633.194335938,25790777.7281494,4901016.91699219,4738465.99169922,0.0427715115,7,sample,-20.4732205736,0.8770108828,9.2447952788,<LOD,NA,NA,170731xxxLIM01.xls,MVARBS213,1.6850525862,MVARBS213 TB_Glc_amp_kan 25uMIPTG_200nMaTet,0.886,2.386
MVARBS214 TB_Glc_amp_kan 25uMIPTG_200nMaTet_19.mzXML,1264967.10498047,813452.505249023,637677.114746094,21547034.9382324,3942169.12109375,3852193.23779297,0.0377524104,19,sample,-22.5297911052,-0.9339635528,7.7015943459,<LOD,<LOD,NA,170731xxxLIM01.xls,MVARBS214,1.4873170118,MVARBS214 TB_Glc_amp_kan 25uMIPTG_200nMaTet,0.814,1.807
MVARBS215 TB_Glc_amp_kan 25uMIPTG_200nMaTet_31.mzXML,690370.431884766,455645.682006836,395844.44140625,15749323.5546265,2666084.98535156,2621992.04077148,0.0289311271,31,sample,-26.144301066,-4.1168279555,4.9893532348,<LOD,<LOD,NA,170731xxxLIM01.xls,MVARBS215,1.1397883508,MVARBS215 TB_Glc_amp_kan 25uMIPTG_200nMaTet,0.951,1.013
MVARBS216 TB_Glc_amp_kan 25uMIPTG_200nMaTet_43.mzXML,669656.156738281,449162.274414062,408720.478515625,16182005.5671387,2751552.07373047,2737283.58691406,0.0277568978,43,sample,-26.6254400991,-4.5405092616,4.628318107,<LOD,<LOD,NA,170731xxxLIM01.xls,MVARBS216,1.0935276943,MVARBS216 TB_Glc_amp_kan 25uMIPTG_200nMaTet,1.079,1.955
MVARBS217 TB_Glc_amp_kan 25uMIPTG_200nMaTet_55.mzXML,1337582.19238281,820725.242675781,674001.336425781,24583460.755127,4614984.41796875,4440967.02636719,0.0333852606,55,sample,-24.3192253721,-2.5097031941,6.358846024,<LOD,<LOD,NA,170731xxxLIM01.xls,MVARBS217,1.315266111,MVARBS217 TB_Glc_amp_kan 25uMIPTG_200nMaTet,0.51,1.693
MVARBS218 TB_Glc_amp_kan 25uMIPTG_200nMaTet_67.mzXML,781350.449462891,541251.009033203,473436.862792969,15760300.6103516,2714944.92041016,2616512.82299805,0.0343426831,67,sample,-23.926922672,-2.1642493669,6.6532205099,<LOD,<LOD,NA,170731xxxLIM01.xls,MVARBS218,1.3529853132,MVARBS218 TB_Glc_amp_kan 25uMIPTG_200nMaTet,0.99,1.976
MVARBS219 TB_Glc_amp_kan 25uMIPTG_200nMaTet_79.mzXML,925870.092773438,646208.66595459,536954.681640625,16926193.8483887,2983153.08105469,2889642.42871094,0.0381780258,79,sample,-22.3553956937,-0.7803944789,7.8324564572,<LOD,<LOD,NA,170731xxxLIM01.xls,MVARBS219,1.5040848184,MVARBS219 TB_Glc_amp_kan 25uMIPTG_200nMaTet,0.881,2.001
MVARBS220 TB_Glc_amp_kan 25uMIPTG_200nMaTet_91.mzXML,193209.424316406,64816.190612793,219050.850097656,20700667.4919434,3907465.91308594,3672983.51220703,0.003131116,91,sample,-36.7158239175,-13.4258972707,-2.9432625817,<LOD,<LOD,<LOD,170731xxxLIM01.xls,MVARBS220,0.1233553568,MVARBS220 TB_Glc_amp_kan 25uMIPTG_200nMaTet,1.571,2.36
MVARBS221 TB_Glc_amp_kan 25uMIPTG_200nMaTet_8.mzXML,1105770.77148438,726315.202209473,620942.5703125,18290851.3395996,3275158.17626953,3177528.50341797,0.039709207,8,sample,-21.7279960885,-0.2279190697,8.3032419912,<LOD,<LOD,NA,170731xxxLIM01.xls,MVARBS221,1.5644081671,MVARBS221 TB_Glc_amp_kan 25uMIPTG_200nMaTet,1.089,2.355
MVARBS222 TB_Glc_amp_kan 25uMIPTG_200nMaTet_20.mzXML,1793799.05761719,1213631.75256348,852240.289550781,25426976.7766113,4847271.75927734,4680886.00927734,0.0477300846,20,sample,-18.441451359,2.6661457802,10.7693859016,<LOD,NA,NA,170731xxxLIM01.xls,MVARBS222,1.8804035583,MVARBS222 TB_Glc_amp_kan 25uMIPTG_200nMaTet,0.584,1.639
MVARBS223 TB_Glc_amp_kan 25uMIPTG_200nMaTet_32.mzXML,859181.498291016,612714.026733398,465690.223632812,18575230.0511475,3191411.61499023,3160573.71362305,0.0329855418,32,sample,-24.4830096533,-2.6539283212,6.235946249,<LOD,<LOD,NA,170731xxxLIM01.xls,MVARBS223,1.2995185456,MVARBS223 TB_Glc_amp_kan 25uMIPTG_200nMaTet,0.762,1.52
MVARBS224 TB_Glc_amp_kan 25uMIPTG_200nMaTet_44.mzXML,967935.754150391,652025.296447754,535575.31640625,15932773.9000244,2697304.19335938,2679948.32910156,0.0409235266,44,sample,-21.2304301306,0.2102274543,8.6766034873,<LOD,<LOD,NA,170731xxxLIM01.xls,MVARBS224,1.6122482431,MVARBS224 TB_Glc_amp_kan 25uMIPTG_200nMaTet,0.952,2.069
MVARBS225 TB_Glc_amp_kan 25uMIPTG_200nMaTet_56.mzXML,773100.778320312,538572.860595703,457228.4296875,16708241.1844482,2866122.14550781,2850517.38134766,0.0322339649,56,sample,-24.7909673341,-2.9251096293,6.0048622318,<LOD,<LOD,NA,170731xxxLIM01.xls,MVARBS225,1.269908966,MVARBS225 TB_Glc_amp_kan 25uMIPTG_200nMaTet,0.508,1.506
MVARBS226 TB_Glc_amp_kan 25uMIPTG_200nMaTet_68.mzXML,1277436.19628906,825332.462890625,702282.11328125,20101040.0754395,3666612.54248047,3548431.10058594,0.041059192,68,sample,-21.1748414178,0.259177751,8.7183159168,<LOD,<LOD,NA,170731xxxLIM01.xls,MVARBS226,1.6175929983,MVARBS226 TB_Glc_amp_kan 25uMIPTG_200nMaTet,0.955,2.153
MVARBS227 TB_Glc_amp_kan 25uMIPTG_200nMaTet_80.mzXML,331974.372070312,181655.91394043,260218.69921875,17563058.0488281,3093988.82177734,2975037.21533203,0.0103430686,80,sample,-33.760735202,-10.8237058862,-0.7258352713,<LOD,<LOD,<LOD,170731xxxLIM01.xls,MVARBS227,0.4074818458,MVARBS227 TB_Glc_amp_kan 25uMIPTG_200nMaTet,1.042,2.223
MVARBS228 TB_Glc_amp_kan 25uMIPTG_200nMaTet_92.mzXML,1475755.54248047,915094.959960938,707676.029296875,22761488.3847656,4296879.34277344,4118664.15429688,0.0402036521,92,sample,-21.5253978263,-0.0495151357,8.4552668415,<LOD,<LOD,NA,170731xxxLIM01.xls,MVARBS228,1.5838876272,MVARBS228 TB_Glc_amp_kan 25uMIPTG_200nMaTet,1.073,1.613
MVARBS229 TB_Glc_amp_kan 25uMIPTG_200nMaTet_9.mzXML,186856.297851562,83801.5260620117,187024.469726562,17034381.3037109,2981775.40185547,2912010.50073242,0.0049195521,9,sample,-35.983014419,-12.7806000403,-2.3933800057,<LOD,<LOD,<LOD,170731xxxLIM01.xls,MVARBS229,0.193813678,MVARBS229 TB_Glc_amp_kan 25uMIPTG_200nMaTet,1.747,2.396
MVARBS230 TB_Glc_amp_kan 25uMIPTG_200nMaTet_21.mzXML,824593.095214844,549344.517822266,506273.172363281,17447540.0554199,3037454.74365234,2965284.55126953,0.0314854997,21,sample,-25.097650032,-3.1951682134,5.7747349309,<LOD,<LOD,NA,170731xxxLIM01.xls,MVARBS230,1.2404219737,MVARBS230 TB_Glc_amp_kan 25uMIPTG_200nMaTet,0.669,1.789
MVARBS231 TB_Glc_amp_kan 25uMIPTG_200nMaTet_33.mzXML,1337879.12255859,855556.690063477,664637.56640625,21442229.27771,3867358,3761003.28320312,0.0399005476,33,sample,-21.6495945142,-0.1588802283,8.3620726419,<LOD,<LOD,NA,170731xxxLIM01.xls,MVARBS231,1.5719463381,MVARBS231 TB_Glc_amp_kan 25uMIPTG_200nMaTet,1.166,2.057
MVARBS232 TB_Glc_amp_kan 25uMIPTG_200nMaTet_45.mzXML,849498.623535156,598889.685546875,478106.165039062,16194561.0775757,2734757.86474609,2718316.22436523,0.0369809149,45,sample,-22.845910413,-1.2123318248,7.4643860405,<LOD,<LOD,NA,170731xxxLIM01.xls,MVARBS232,1.4569227064,MVARBS232 TB_Glc_amp_kan 25uMIPTG_200nMaTet,0.844,1.998
MVARBS233 TB_Glc_amp_kan 25uMIPTG_200nMaTet_57.mzXML,1150083.52246094,743260.99230957,658083.591796875,21003864.6794434,3864413.25683594,3662171.87207031,0.0353868683,57,sample,-23.4990690774,-1.7874901408,6.9742715296,<LOD,<LOD,NA,170731xxxLIM01.xls,MVARBS233,1.3941226703,MVARBS233 TB_Glc_amp_kan 25uMIPTG_200nMaTet,0.7,1.727
MVARBS234 TB_Glc_amp_kan 25uMIPTG_200nMaTet_69.mzXML,214448.9140625,81019.7808837891,157859.245605469,22022634.9396973,4090535.52246094,3965458.49853516,0.0036789322,69,sample,-36.4913568902,-13.2282361441,-2.7748279374,<LOD,<LOD,<LOD,170731xxxLIM01.xls,MVARBS234,0.1449374596,MVARBS234 TB_Glc_amp_kan 25uMIPTG_200nMaTet,1.735,2.529
MVARBS235 TB_Glc_amp_kan 25uMIPTG_200nMaTet_81.mzXML,1626825.74853516,1049018.1237793,799683.759277344,26001750.7617188,4961840.45263672,4737801.09130859,0.0403441343,81,sample,-21.4678354271,0.0011731494,8.4984602778,<LOD,<LOD,NA,170731xxxLIM01.xls,MVARBS235,1.5894221489,MVARBS235 TB_Glc_amp_kan 25uMIPTG_200nMaTet,0.82,1.48
MVARBS236 TB_Glc_amp_kan 25uMIPTG_200nMaTet_93.mzXML,1436317.64599609,961117.817382812,727334.337402344,24708748.5209961,4635266.18505859,4451673.60351562,0.0388978752,93,sample,-22.0604382819,-0.5206609448,8.0537853861,<LOD,<LOD,NA,170731xxxLIM01.xls,MVARBS236,1.5324444454,MVARBS236 TB_Glc_amp_kan 25uMIPTG_200nMaTet,0.815,1.822
MVARBS237 TB_Glc_amp_kan 25uMIPTG_200nMaTet_10.mzXML,1120573.87646484,770767.985412598,604556.387207031,17004179.8986816,2901349.35791016,2867815.42431641,0.0453281481,10,sample,-19.4256418693,1.7994875126,10.0308730762,<LOD,NA,NA,170731xxxLIM01.xls,MVARBS237,1.7857754029,MVARBS237 TB_Glc_amp_kan 25uMIPTG_200nMaTet,1.135,1.952
MVARBS238 TB_Glc_amp_kan 25uMIPTG_200nMaTet_22.mzXML,2103407.49707031,1339558.96313477,1013732.69970703,28048917.9873047,5540755.95654297,5257471.25830078,0.047757955,22,sample,-18.4300314937,2.6762018827,10.7779550931,<LOD,NA,NA,170731xxxLIM01.xls,MVARBS238,1.8815015579,MVARBS238 TB_Glc_amp_kan 25uMIPTG_200nMaTet,1.089,1.805
MVARBS239 TB_Glc_amp_kan 25uMIPTG_200nMaTet_34.mzXML,215314.439941406,95650.0588378906,169827.08203125,25719586.0195312,4962458.35644531,4703980.91308594,0.0037189579,34,sample,-36.4749563907,-13.2137941958,-2.7625213981,<LOD,<LOD,<LOD,170731xxxLIM01.xls,MVARBS239,0.1465143382,MVARBS239 TB_Glc_amp_kan 25uMIPTG_200nMaTet,1.904,2.318
MVARBS240 TB_Glc_amp_kan 25uMIPTG_200nMaTet_46.mzXML,197430.223144531,69921.4051513672,218202.813476562,20299052.5371094,3771537.36230469,3649066.17529297,0.003444565,46,sample,-36.5873885788,-13.3127997078,-2.8468878008,<LOD,<LOD,<LOD,170731xxxLIM01.xls,MVARBS240,0.1357041846,MVARBS240 TB_Glc_amp_kan 25uMIPTG_200nMaTet,1.911,2.512
MVARBS241 TB_Glc_amp_kan 25uMIPTG_200nMaTet_58.mzXML,1106738.19970703,702960.384033203,560054.721679688,22904015.6315918,4309161.29492188,4223853.89306641,0.0306915781,58,sample,-25.422958456,-3.4816282353,5.5306313343,<LOD,<LOD,NA,170731xxxLIM01.xls,MVARBS241,1.2091441512,MVARBS241 TB_Glc_amp_kan 25uMIPTG_200nMaTet,0.567,1.764
MVARBS242 TB_Glc_amp_kan 25uMIPTG_200nMaTet_70.mzXML,731653.072265625,503495.877746582,433140.099121094,15776543.4981689,2697381.68310547,2654978.34863281,0.0319142072,70,sample,-24.9219876852,-3.0404835019,5.9065477198,<LOD,<LOD,NA,170731xxxLIM01.xls,MVARBS242,1.2573115939,MVARBS242 TB_Glc_amp_kan 25uMIPTG_200nMaTet,0.513,1.645
MVARBS243 TB_Glc_amp_kan 25uMIPTG_200nMaTet_82.mzXML,1313381.70214844,880804.317260742,652284.37109375,21249029.6523438,3821623.38623047,3757909.56103516,0.0414515077,82,sample,-21.014090503,0.400731757,8.8389395268,<LOD,NA,NA,170731xxxLIM01.xls,MVARBS243,1.6330489109,MVARBS243 TB_Glc_amp_kan 25uMIPTG_200nMaTet,0.878,2.139
MVARBS244 TB_Glc_amp_kan 25uMIPTG_200nMaTet_94.mzXML,883826.901367188,590933.241699219,503934.698242188,16931432.5540771,2928150.79003906,2825145.92089844,0.0349015501,94,sample,-23.6979275922,-1.9626009289,6.8250528956,<LOD,<LOD,NA,170731xxxLIM01.xls,MVARBS244,1.3750027801,MVARBS244 TB_Glc_amp_kan 25uMIPTG_200nMaTet,0.743,1.984
MVARBS245 TB_Glc_amp_kan 25uMIPTG_200nMaTet_11.mzXML,1095240.24462891,694205.966186523,566718.325195312,21126994.7845459,3807857.19238281,3734970.24658203,0.0328587181,11,sample,-24.534975491,-2.6996883873,6.1969523376,<LOD,<LOD,NA,170731xxxLIM01.xls,MVARBS245,1.2945221234,MVARBS245 TB_Glc_amp_kan 25uMIPTG_200nMaTet,0.571,1.127
MVARBS246 TB_Glc_amp_kan 25uMIPTG_200nMaTet_23.mzXML,939731.987792969,618888.10925293,514219.6953125,21575431.7525635,3903331.22070312,3798910.78076172,0.028684854,23,sample,-26.2452111898,-4.2056873705,4.9136327114,<LOD,<LOD,NA,170731xxxLIM01.xls,MVARBS246,1.1300860231,MVARBS246 TB_Glc_amp_kan 25uMIPTG_200nMaTet,0.61,1.641
MVARBS247 TB_Glc_amp_kan 25uMIPTG_200nMaTet_35.mzXML,1453827.07275391,942224.569702148,689747.804199219,23565671.8977051,4413086.17480469,4311627.03808594,0.0399829283,35,sample,-21.6158391281,-0.1291559177,8.3874018696,<LOD,<LOD,NA,170731xxxLIM01.xls,MVARBS247,1.575191858,MVARBS247 TB_Glc_amp_kan 25uMIPTG_200nMaTet,0.415,1.322
MVARBS248 TB_Glc_amp_kan 25uMIPTG_200nMaTet_47.mzXML,1191007.11279297,754603.495239258,606143.126953125,20970710.5531006,3888236.91601562,3740538.89208984,0.0359836875,47,sample,-23.2545231257,-1.5721479194,7.1577729145,<LOD,<LOD,NA,170731xxxLIM01.xls,MVARBS248,1.4176353257,MVARBS248 TB_Glc_amp_kan 25uMIPTG_200nMaTet,0.548,1.873
MVARBS249 TB_Glc_amp_kan 25uMIPTG_200nMaTet_59.mzXML,1497344.56005859,965391.791748047,737672.8125,23460373.4165039,4458223.08251953,4300357.81347656,0.0411498903,59,sample,-21.1376778941,0.2919031987,8.7462025288,<LOD,<LOD,NA,170731xxxLIM01.xls,MVARBS249,1.6211662045,MVARBS249 TB_Glc_amp_kan 25uMIPTG_200nMaTet,0.981,2.199
MVARBS250 TB_Glc_amp_kan 25uMIPTG_200nMaTet_71.mzXML,1716635.83105469,1113215.46948242,847763.420410156,25433916.2590332,4866962.27490234,4650894.66650391,0.0437689366,71,sample,-20.0645268598,1.2368983053,9.551469186,<LOD,NA,NA,170731xxxLIM01.xls,MVARBS250,1.724347755,MVARBS250 TB_Glc_amp_kan 25uMIPTG_200nMaTet,0.886,2.272
MVARBS251 TB_Glc_amp_kan 25uMIPTG_200nMaTet_83.mzXML,345421.17578125,138590.435058594,247260.091796875,26499519.1757812,5061952.31835938,4871291.35302734,0.0052299226,83,sample,-35.8558404693,-12.6686132311,-2.2979517406,<LOD,<LOD,<LOD,170731xxxLIM01.xls,MVARBS251,0.2060412256,MVARBS251 TB_Glc_amp_kan 25uMIPTG_200nMaTet,1.292,2.335
MVARBS252 TB_Glc_amp_kan 25uMIPTG_200nMaTet_95.mzXML,567833.81640625,318310.300048828,310259.431152344,22726148.6971436,4207094.63037109,4051906.16699219,0.0140063459,95,sample,-32.2597118181,-9.5019350381,0.400496479,<LOD,<LOD,NA,170731xxxLIM01.xls,MVARBS252,0.5518025566,MVARBS252 TB_Glc_amp_kan 25uMIPTG_200nMaTet,1.346,1.99
MVA2_1 TB_Glc_amp_kan 25uMIPTG_200nMaTet_1.mzXML1,540396.915527344,359778.377807617,298264.384277344,15619271.4851074,2585619.77099609,2620973.23681641,0.0230342611,1,sample,-10.8026143283,-0.5059811576,3.1584221686,<LOD,<LOD,NA,170731xxxLIM02.xls,1MVA2,1,MVA2_1 TB_Glc_amp_kan 25uMIPTG_200nMaTet,0.686,1.884
MVA2_2 TB_Glc_amp_kan 25uMIPTG_200nMaTet_13.mzXML1,528141.461181641,345994.213775635,282952.338623047,15178031.0009155,2496818.86474609,2534407.34057617,0.0227957245,13,sample,-10.8885443286,-0.5867908024,3.0826860963,<LOD,<LOD,NA,170731xxxLIM02.xls,1MVA2,0.9896442707,MVA2_2 TB_Glc_amp_kan 25uMIPTG_200nMaTet,0.869,1.948
MVA2_41_1 TB_Glc_amp_kan 25uMIPTG_200nMaTet_37.mzXML1,925315.888427734,670543.104492188,472175.371582031,17721546.2901611,2973210.99462891,3006325.76367188,0.0378377312,37,sample,-5.4698380213,4.5090282429,7.8585679909,<LOD,NA,NA,170731xxxLIM02.xls,MVARBS41_2,1.6426718003,MVA2_41_1 TB_Glc_amp_kan 25uMIPTG_200nMaTet,0.71,1.738
MVA2_41_2 TB_Glc_amp_kan 25uMIPTG_200nMaTet_49.mzXML1,777220.811767578,537330.322265625,398899.827880859,15058195.7655029,2445988.93847656,2461971.02514648,0.0356835793,49,sample,-6.2458459561,3.7792606953,7.1746183476,<LOD,NA,NA,170731xxxLIM02.xls,MVARBS41_2,1.5491523298,MVA2_41_2 TB_Glc_amp_kan 25uMIPTG_200nMaTet,0.583,1.475
MVA2_41_3 TB_Glc_amp_kan 25uMIPTG_200nMaTet_61.mzXML1,783818.528320312,523038.794799805,418569.492431641,14781601.8448486,2411705.66113281,2477462.20092773,0.0353844462,61,sample,-6.3536051435,3.6779226104,7.0796426979,<LOD,NA,NA,170731xxxLIM02.xls,MVARBS41_2,1.5361658876,MVA2_41_3 TB_Glc_amp_kan 25uMIPTG_200nMaTet,0.448,1.493
MVARBS253 TB_Glc_amp_kan 25uMIPTG_200nMaTet_73.mzXML,992354.646972656,688875.106872559,514419.447021484,16694713.9771729,2822115.58862305,2800893.39770508,0.0412630673,73,sample,-4.235900882,5.6694381302,8.9461224196,<LOD,NA,NA,170731xxxLIM02.xls,MVARBS253,1.7913779445,MVARBS253 TB_Glc_amp_kan 25uMIPTG_200nMaTet,1.25,1.691
MVARBS254 TB_Glc_amp_kan 25uMIPTG_200nMaTet_85.mzXML,782966.172363281,547752.392333984,416225.263916016,16387080.0494385,2735773.99414062,2761709.04931641,0.0334258691,85,sample,-7.0591595484,3.0144104416,6.4577886396,<LOD,NA,NA,170731xxxLIM02.xls,MVARBS254,1.4511370221,MVARBS254 TB_Glc_amp_kan 25uMIPTG_200nMaTet,0.629,1.666
MVARBS255 TB_Glc_amp_kan 25uMIPTG_200nMaTet_2.mzXML,729000.935302734,498378.391845703,389467.662597656,14923698.5480347,2399586.31030273,2449054.19946289,0.0333950991,2,sample,-7.0702440749,3.0039864145,6.4480190772,<LOD,NA,NA,170731xxxLIM02.xls,MVARBS255,1.4498011865,MVARBS255 TB_Glc_amp_kan 25uMIPTG_200nMaTet,0.705,1.851
MVARBS256 TB_Glc_amp_kan 25uMIPTG_200nMaTet_14.mzXML,745314.201171875,522949.407897949,395007.111572266,15722658.0183105,2649623.52905273,2621959.75952148,0.0332608779,14,sample,-7.1185957004,2.9585159424,6.4054034343,<LOD,NA,NA,170731xxxLIM02.xls,MVARBS256,1.4439741605,MVARBS256 TB_Glc_amp_kan 25uMIPTG_200nMaTet,0.502,1.429
MVARBS257 TB_Glc_amp_kan 25uMIPTG_200nMaTet_26.mzXML,126056.875,44092.6362304688,99448.3078613281,15643780.0534668,2559106.49584961,2593496.03540039,0.002818541,26,sample,-18.085090165,-7.3545123313,-3.2601291468,<LOD,<LOD,<LOD,170731xxxLIM02.xls,MVARBS257,0.1223629894,MVARBS257 TB_Glc_amp_kan 25uMIPTG_200nMaTet,1.519,2.873
MVARBS258 TB_Glc_amp_kan 25uMIPTG_200nMaTet_38.mzXML,782966.093505859,555161.678649902,430167.558105469,15755181.3704834,2592408.31933594,2645116.28955078,0.0352367685,38,sample,-6.4068042903,3.6278934687,7.0327545981,<LOD,NA,NA,170731xxxLIM02.xls,MVARBS258,1.5297546696,MVARBS258 TB_Glc_amp_kan 25uMIPTG_200nMaTet,0.924,1.868
MVARBS259 TB_Glc_amp_kan 25uMIPTG_200nMaTet_50.mzXML,842583.321777344,574370.393737793,439014.114257812,15927211.4152832,2626396.34643555,2655377.54492188,0.0360622069,50,sample,-6.1094497896,3.9075293527,7.2948337542,<LOD,NA,NA,170731xxxLIM02.xls,MVARBS259,1.5655899159,MVARBS259 TB_Glc_amp_kan 25uMIPTG_200nMaTet,1.001,1.974
MVARBS260 TB_Glc_amp_kan 25uMIPTG_200nMaTet_62.mzXML,827755.857910156,565916.163146973,434257.855712891,15172355.0365601,2461174.88256836,2503183.33764648,0.0372991643,62,sample,-5.6638504191,4.3265765625,7.6875714014,<LOD,NA,NA,170731xxxLIM02.xls,MVARBS260,1.6192906776,MVARBS260 TB_Glc_amp_kan 25uMIPTG_200nMaTet,0.853,1.907
MVARBS261 TB_Glc_amp_kan 25uMIPTG_200nMaTet_74.mzXML,819780.345214844,556882.534118652,432478.032226562,15975341.2752686,2628349.81152344,2717753.48291016,0.0348588819,74,sample,-6.5429335184,3.4998758436,6.9127744629,<LOD,NA,NA,170731xxxLIM02.xls,MVARBS261,1.5133492532,MVARBS261 TB_Glc_amp_kan 25uMIPTG_200nMaTet,0.721,1.815
MVARBS262 TB_Glc_amp_kan 25uMIPTG_200nMaTet_86.mzXML,725923.62890625,493694.312255859,383109.0078125,15091985.8875732,2495826.16137695,2511028.04956055,0.0327123492,86,sample,-7.3161967142,2.7726894827,6.2312439486,<LOD,NA,NA,170731xxxLIM02.xls,MVARBS262,1.4201605609,MVARBS262 TB_Glc_amp_kan 25uMIPTG_200nMaTet,0.738,1.529
MVARBS263 TB_Glc_amp_kan 25uMIPTG_200nMaTet_3.mzXML,118791.01953125,47730.860534668,90903.4235839844,17919757.7744141,3031534.08276367,3047688.27856445,0.0026635885,3,sample,-18.1409100054,-7.4070060059,-3.3093270457,<LOD,<LOD,<LOD,170731xxxLIM02.xls,MVARBS263,0.1156359423,MVARBS263 TB_Glc_amp_kan 25uMIPTG_200nMaTet,1.639,2.346
MVARBS264 TB_Glc_amp_kan 25uMIPTG_200nMaTet_15.mzXML,853083.750976562,599370.400024414,429589.029052734,14969437.6932373,2478985.49145508,2524941.21044922,0.0400396069,15,sample,-4.6766381564,5.2549632963,8.5576700751,<LOD,NA,NA,170731xxxLIM02.xls,MVARBS264,1.7382631313,MVARBS264 TB_Glc_amp_kan 25uMIPTG_200nMaTet,1.207,2.291
MVARBS265 TB_Glc_amp_kan 25uMIPTG_200nMaTet_27.mzXML,932567.969482422,655671.048309326,471529.161376953,17132959.2675781,2837328.58837891,2890010.04858398,0.0382695738,27,sample,-5.314271801,4.6553246582,7.9956792962,<LOD,NA,NA,170731xxxLIM02.xls,MVARBS265,1.6614196376,MVARBS265 TB_Glc_amp_kan 25uMIPTG_200nMaTet,1.09,1.968
MVARBS266 TB_Glc_amp_kan 25uMIPTG_200nMaTet_39.mzXML,761899.467285156,500484.274658203,397767.113525391,15126296.723938,2477683.61108398,2527952.26074219,0.0330870327,39,sample,-7.1812213688,2.8996219822,6.3502070869,<LOD,NA,NA,170731xxxLIM02.xls,MVARBS266,1.4364269189,MVARBS266 TB_Glc_amp_kan 25uMIPTG_200nMaTet,1.109,1.777
MVARBS267 TB_Glc_amp_kan 25uMIPTG_200nMaTet_51.mzXML,217412.301757812,111664.509338379,142472.477539062,15296539.6651611,2519756.27587891,2584629.88378906,0.0072999849,51,sample,-16.4707026083,-5.8363221228,-1.8372573641,<LOD,<LOD,<LOD,170731xxxLIM02.xls,MVARBS267,0.3169185638,MVARBS267 TB_Glc_amp_kan 25uMIPTG_200nMaTet,1.199,2.326
MVARBS268 TB_Glc_amp_kan 25uMIPTG_200nMaTet_63.mzXML,812807.051757812,545859.506103516,413510.344726562,15375367.5089111,2551969.00048828,2579172.35131836,0.0355022087,63,sample,-6.3111825757,3.7178173226,7.1170326508,<LOD,NA,NA,170731xxxLIM02.xls,MVARBS268,1.5412783818,MVARBS268 TB_Glc_amp_kan 25uMIPTG_200nMaTet,0.94,1.891
MVARBS269 TB_Glc_amp_kan 25uMIPTG_200nMaTet_75.mzXML,739362.737548828,502284.535644531,381490.434082031,15473210.9483643,2515149.70654297,2527751.69873047,0.0324615581,75,sample,-7.4065412714,2.6877283335,6.1516170209,<LOD,NA,NA,170731xxxLIM02.xls,MVARBS269,1.4092728177,MVARBS269 TB_Glc_amp_kan 25uMIPTG_200nMaTet,0.752,1.692
MVARBS270 TB_Glc_amp_kan 25uMIPTG_200nMaTet_87.mzXML,717243.020019531,474715.789459229,368717.70703125,15497467.1213379,2529904.296875,2596763.15527344,0.0306318307,87,sample,-8.0656790674,2.067866923,5.570673141,<LOD,NA,NA,170731xxxLIM02.xls,MVARBS270,1.3298377824,MVARBS270 TB_Glc_amp_kan 25uMIPTG_200nMaTet,0.788,1.535
MVARBS271 TB_Glc_amp_kan 25uMIPTG_200nMaTet_4.mzXML,846732.192138672,607602.284545898,442448.038085938,17421943.0611572,2938388.27783203,2942742.63354492,0.03487569,4,sample,-6.5368785993,3.505569965,6.9181110832,<LOD,NA,NA,170731xxxLIM02.xls,MVARBS271,1.514078953,MVARBS271 TB_Glc_amp_kan 25uMIPTG_200nMaTet,1.253,1.718
MVARBS272 TB_Glc_amp_kan 25uMIPTG_200nMaTet_16.mzXML,649797.4609375,437665.017150879,350130.096679688,15129117.1820679,2456851.36083984,2550516.56738281,0.0289286554,16,sample,-8.6792279902,1.490877858,5.0299098987,<LOD,NA,NA,170731xxxLIM02.xls,MVARBS272,1.2558968241,MVARBS272 TB_Glc_amp_kan 25uMIPTG_200nMaTet,0.686,1.733
MVARBS273 TB_Glc_amp_kan 25uMIPTG_200nMaTet_28.mzXML,277031.285400391,149708.923461914,166269.614746094,15496241.2724609,2573195.49194336,2584775.76782227,0.009660983,28,sample,-15.6201807778,-5.0364807775,-1.0876334538,<LOD,<LOD,<LOD,170731xxxLIM02.xls,MVARBS273,0.4194179683,MVARBS273 TB_Glc_amp_kan 25uMIPTG_200nMaTet,1.321,2.35
MVARBS274 TB_Glc_amp_kan 25uMIPTG_200nMaTet_40.mzXML,213199.013427734,109874.948486328,137801.14453125,15982132.2758789,2624668.59375,2641700.45605469,0.0068748617,40,sample,-16.6238482814,-5.9803422254,-1.9722352733,<LOD,<LOD,<LOD,170731xxxLIM02.xls,MVARBS274,0.2984624351,MVARBS274 TB_Glc_amp_kan 25uMIPTG_200nMaTet,1.609,2.605
MVARBS275 TB_Glc_amp_kan 25uMIPTG_200nMaTet_52.mzXML,363432.984619141,237711.516235352,207831.564208984,16871492.675415,2809355.50854492,2811584.62060547,0.0140895368,52,sample,-14.024846273,-3.536208297,0.318445552,<LOD,<LOD,NA,170731xxxLIM02.xls,MVARBS275,0.6116773917,MVARBS275 TB_Glc_amp_kan 25uMIPTG_200nMaTet,0.654,1.982
MVARBS276 TB_Glc_amp_kan 25uMIPTG_200nMaTet_64.mzXML,302543.828613281,185419.025878906,175044.250976562,15039863.9827881,2463827.58227539,2518062.06054688,0.0123285042,64,sample,-14.6592375889,-4.1327978087,-0.2406875377,<LOD,<LOD,<LOD,170731xxxLIM02.xls,MVARBS276,0.5352246426,MVARBS276 TB_Glc_amp_kan 25uMIPTG_200nMaTet,2.069,2.494
MVARBS277 TB_Glc_amp_kan 25uMIPTG_200nMaTet_76.mzXML,859902.018310547,592215.772155762,453598.018066406,15332865.4775391,2557156.3046875,2618724.57226562,0.0386239463,76,sample,-5.1866132671,4.7753763369,8.1081936208,<LOD,NA,NA,170731xxxLIM02.xls,MVARBS277,1.6768042206,MVARBS277 TB_Glc_amp_kan 25uMIPTG_200nMaTet,1.123,1.923
MVARBS278 TB_Glc_amp_kan 25uMIPTG_200nMaTet_88.mzXML,665086.525390625,435450.989257812,365271.689697266,15898174.1176758,2671078.52099609,2688877.75732422,0.02739,88,sample,-9.2335105239,0.9696236449,4.5413822379,<LOD,NA,NA,170731xxxLIM02.xls,MVARBS278,1.1890982686,MVARBS278 TB_Glc_amp_kan 25uMIPTG_200nMaTet,0.57,1.744
MVARBS280 TB_Glc_amp_kan 25uMIPTG_200nMaTet_5.mzXML,800934.852294922,569109.711669922,432783.960449219,15737725.0294189,2582559.47314453,2664117.34936523,0.0361621334,5,sample,-6.0734524546,3.9413816958,7.3265607036,<LOD,NA,NA,170731xxxLIM02.xls,MVARBS280,1.5699280825,MVARBS280 TB_Glc_amp_kan 25uMIPTG_200nMaTet,0.786,1.883
MVARBS281 TB_Glc_amp_kan 25uMIPTG_200nMaTet_17.mzXML,261340.089599609,156415.510253906,157274.622802734,18337165.6677246,3162334.89379883,3148433.7109375,0.008529972,17,sample,-16.0276142017,-5.4196362548,-1.4467328037,<LOD,<LOD,<LOD,170731xxxLIM02.xls,MVARBS281,0.3703167203,MVARBS281 TB_Glc_amp_kan 25uMIPTG_200nMaTet,1.8,2.565
MVARBS282 TB_Glc_amp_kan 25uMIPTG_200nMaTet_29.mzXML,883319.197753906,612832.063354492,441173.013427734,15670350.8251953,2578103.38574219,2615643.05493164,0.0391077437,29,sample,-5.0123309267,4.9392736251,8.2618007416,<LOD,NA,NA,170731xxxLIM02.xls,MVARBS282,1.6978076041,MVARBS282 TB_Glc_amp_kan 25uMIPTG_200nMaTet,0.856,2.078
MVARBS283 TB_Glc_amp_kan 25uMIPTG_200nMaTet_41.mzXML,307179.307617188,174752.462524414,188570.014160156,16143491.0386963,2694675.87280273,2762006.69213867,0.0108249487,41,sample,-15.2008757933,-4.6421611366,-0.7180708737,<LOD,<LOD,<LOD,170731xxxLIM02.xls,MVARBS283,0.4699499002,MVARBS283 TB_Glc_amp_kan 25uMIPTG_200nMaTet,0.812,2.419
MVARBS284 TB_Glc_amp_kan 25uMIPTG_200nMaTet_53.mzXML,928054.461425781,645393.108520508,477450.583007812,14799558.9794922,2410687.18115234,2454331.3425293,0.043608942,53,sample,-3.390827086,6.4641560758,9.6909445991,<LOD,NA,NA,170731xxxLIM02.xls,MVARBS284,1.8932207871,MVARBS284 TB_Glc_amp_kan 25uMIPTG_200nMaTet,0.956,1.846
MVARBS287 TB_Glc_amp_kan 25uMIPTG_200nMaTet_89.mzXML,132637.039550781,53306.8765869141,103720.045898438,16520732.4804688,2734553.78833008,2796016.65551758,0.0032266654,89,sample,-17.9380681429,-7.2162509866,-3.1305484362,<LOD,<LOD,<LOD,170731xxxLIM02.xls,MVARBS287,0.1400811351,MVARBS287 TB_Glc_amp_kan 25uMIPTG_200nMaTet,1.263,2.05
MVARBS291 TB_Glc_amp_kan 25uMIPTG_200nMaTet_42.mzXML,329696.894775391,207387.580993652,184329.143798828,17120582.9053955,2840466.21630859,2915811.89111328,0.0121133481,42,sample,-14.7367450263,-4.2056867701,-0.3090002208,<LOD,<LOD,<LOD,170731xxxLIM02.xls,MVARBS291,0.5258839463,MVARBS291 TB_Glc_amp_kan 25uMIPTG_200nMaTet,1.979,2.725
MVARBS292 TB_Glc_amp_kan 25uMIPTG_200nMaTet_54.mzXML,802742.014648438,557030.462036133,407645.470947266,15494564.78125,2547400.07275391,2545474.66552734,0.0359500554,54,sample,-6.1498510644,3.8695354896,7.2592253072,<LOD,NA,NA,170731xxxLIM02.xls,MVARBS292,1.5607210149,MVARBS292 TB_Glc_amp_kan 25uMIPTG_200nMaTet,0.944,1.761
MVARBS295 TB_Glc_amp_kan 25uMIPTG_200nMaTet_90.mzXML,808480.003417969,557781.004638672,409312.369384766,15044552.6265869,2474592.07885742,2490575.53051758,0.0370752802,90,sample,-5.7445020211,4.2507307893,7.6164875478,<LOD,NA,NA,170731xxxLIM02.xls,MVARBS295,1.6095710668,MVARBS295 TB_Glc_amp_kan 25uMIPTG_200nMaTet,0.711,1.808
MVARBS296 TB_Glc_amp_kan 25uMIPTG_200nMaTet_7.mzXML,136744.690185547,50495.6094970703,99853.958984375,14844040.1618652,2435965.40185547,2450811.34350586,0.003401743,7,sample,-17.8749985135,-7.1569395199,-3.0749607951,<LOD,<LOD,<LOD,170731xxxLIM02.xls,MVARBS296,0.14768188,MVARBS296 TB_Glc_amp_kan 25uMIPTG_200nMaTet,1.388,2.346
MVARBS298 TB_Glc_amp_kan 25uMIPTG_200nMaTet_31.mzXML,809954.504638672,570413.149963379,428697.2890625,15588574.8948975,2584502.46557617,2626233.82519531,0.0365917445,31,sample,-5.9186900865,4.0869221584,7.4629635181,<LOD,NA,NA,170731xxxLIM02.xls,MVARBS298,1.5885790448,MVARBS298 TB_Glc_amp_kan 25uMIPTG_200nMaTet,1.119,2.284
MVARBS299 TB_Glc_amp_kan 25uMIPTG_200nMaTet_43.mzXML,722632.701171875,486363.283203125,391013.297607422,16068455.117981,2645409.45800781,2679022.23876953,0.0302682044,43,sample,-8.1966711964,1.9446802899,5.4552206877,<LOD,NA,NA,170731xxxLIM02.xls,MVARBS299,1.314051456,MVARBS299 TB_Glc_amp_kan 25uMIPTG_200nMaTet,1.233,1.5
MVARBS300 TB_Glc_amp_kan 25uMIPTG_200nMaTet_55.mzXML,766927.071777344,556946.437255859,411278.413818359,16963775.5566406,2826462.8815918,2823454.88208008,0.0328315142,55,sample,-7.2732689339,2.813059303,6.2690791802,<LOD,NA,NA,170731xxxLIM02.xls,MVARBS300,1.4253339401,MVARBS300 TB_Glc_amp_kan 25uMIPTG_200nMaTet,0.951,1.483
MVARBS301 TB_Glc_amp_kan 25uMIPTG_200nMaTet_67.mzXML,391822.076660156,236025.63458252,218557.775634766,14974389.8790283,2481509.47338867,2480151.95068359,0.0157619533,67,sample,-13.4223778324,-2.9696394556,0.8494427965,<LOD,<LOD,NA,170731xxxLIM02.xls,MVARBS301,0.6842830019,MVARBS301 TB_Glc_amp_kan 25uMIPTG_200nMaTet,0.631,1.722
MVARBS302 TB_Glc_amp_kan 25uMIPTG_200nMaTet_79.mzXML,1086641.22485352,748021.591247559,519812.004394531,17561536.3325806,2932315.44335938,3003052.76831055,0.0425943139,79,sample,-3.7563349298,6.1204279374,9.3687971723,<LOD,NA,NA,170731xxxLIM02.xls,MVARBS302,1.8491721395,MVARBS302 TB_Glc_amp_kan 25uMIPTG_200nMaTet,1.212,2.151
MVARBS304 TB_Glc_amp_kan 25uMIPTG_200nMaTet_8.mzXML,931402.784667969,643612.633422852,464484.649414062,17495249.8701172,2908662.55297852,2929544.84887695,0.0367878503,8,sample,-5.848045276,4.15335742,7.525227692,<LOD,NA,NA,170731xxxLIM02.xls,MVARBS304,1.5970927016,MVARBS304 TB_Glc_amp_kan 25uMIPTG_200nMaTet,1.566,2.572
MVARBS305 TB_Glc_amp_kan 25uMIPTG_200nMaTet_20.mzXML,129036.91015625,50306.8424987793,93161.3503417969,15355079.8227539,2547891.39306641,2589328.70898438,0.0032762345,20,sample,-17.9202114665,-7.1994583453,-3.1148101082,<LOD,<LOD,<LOD,170731xxxLIM02.xls,MVARBS305,0.1422331065,MVARBS305 TB_Glc_amp_kan 25uMIPTG_200nMaTet,2.433,2.788
MVARBS306 TB_Glc_amp_kan 25uMIPTG_200nMaTet_32.mzXML,847342.647460938,590865.100036621,443439.451660156,15484120.6290283,2553357.3659668,2609334.06494141,0.0381594224,32,sample,-5.3539525224,4.6180084126,7.9607059228,<LOD,NA,NA,170731xxxLIM02.xls,MVARBS306,1.656637573,MVARBS306 TB_Glc_amp_kan 25uMIPTG_200nMaTet,1.202,2.24
MVARBS307 TB_Glc_amp_kan 25uMIPTG_200nMaTet_44.mzXML,376539.6015625,215796.088256836,198679.208496094,14907879.6445312,2468074.66137695,2474026.92602539,0.0144753039,44,sample,-13.8858781917,-3.4055209787,0.4409277657,<LOD,<LOD,NA,170731xxxLIM02.xls,MVARBS307,0.6284249285,MVARBS307 TB_Glc_amp_kan 25uMIPTG_200nMaTet,1.794,2.362
MVARBS308 TB_Glc_amp_kan 25uMIPTG_200nMaTet_56.mzXML,798563.124755859,553808.128417969,416614.166748047,15223226.5494385,2560884.43652344,2531994.64794922,0.0363791557,56,sample,-5.9952727242,4.0149028901,7.3954659252,<LOD,NA,NA,170731xxxLIM02.xls,MVARBS308,1.5793497993,MVARBS308 TB_Glc_amp_kan 25uMIPTG_200nMaTet,0.855,1.767
MVARBS309 TB_Glc_amp_kan 25uMIPTG_200nMaTet_68.mzXML,1015277.23022461,703422.650146484,518728.857177734,17011341.9150391,2822122.96044922,2872233.24804688,0.0413502153,68,sample,-4.2045068607,5.6989614597,8.9737921492,<LOD,NA,NA,170731xxxLIM02.xls,MVARBS309,1.7951613494,MVARBS309 TB_Glc_amp_kan 25uMIPTG_200nMaTet,1.002,2.372
MVARBS310 TB_Glc_amp_kan 25uMIPTG_200nMaTet_80.mzXML,127415.636230469,59286.0618286133,98522.8505859375,17640119.9912109,2989824.96948242,3020765.90258789,0.003360865,80,sample,-17.8897243288,-7.1707878604,-3.0879396781,<LOD,<LOD,<LOD,170731xxxLIM02.xls,MVARBS310,0.1459072197,MVARBS310 TB_Glc_amp_kan 25uMIPTG_200nMaTet,2.019,1.065
MVARBS311 TB_Glc_amp_kan 25uMIPTG_200nMaTet_92.mzXML,804716.767333984,548877.83190918,409482.279052734,17465935.0478516,2957836.82177734,2953237.33154297,0.0314256197,92,sample,-7.7797259186,2.3367808332,5.8227034945,<LOD,NA,NA,170731xxxLIM02.xls,MVARBS311,1.3642990113,MVARBS311 TB_Glc_amp_kan 25uMIPTG_200nMaTet,0.942,1.891
MVARBS312 TB_Glc_amp_kan 25uMIPTG_200nMaTet_9.mzXML,623506.380371094,425845.595031738,334531.829345703,15767032.7371216,2590897.05615234,2607242.12695312,0.0270086073,9,sample,-9.3709027811,0.8404182514,4.4202889074,<LOD,NA,NA,170731xxxLIM02.xls,MVARBS312,1.1725406401,MVARBS312 TB_Glc_amp_kan 25uMIPTG_200nMaTet,0.628,1.536
MVARBS313 TB_Glc_amp_kan 25uMIPTG_200nMaTet_21.mzXML,868616.613769531,587646.223999023,446009.763671875,15681385.5909424,2599541.74902344,2641062.26025391,0.0374741263,21,sample,-5.6008224128,4.3858488863,7.7431223571,<LOD,NA,NA,170731xxxLIM02.xls,MVARBS313,1.6268864063,MVARBS313 TB_Glc_amp_kan 25uMIPTG_200nMaTet,1.017,2.086
MVARBS314 TB_Glc_amp_kan 25uMIPTG_200nMaTet_33.mzXML,1123268.8293457,765766.730957031,556780.667724609,15694207.3359375,2601904.69165039,2607637.89770508,0.0487929536,33,sample,-1.5233477335,8.220356968,11.3368837444,<LOD,NA,NA,170731xxxLIM02.xls,MVARBS314,2.118277352,MVARBS314 TB_Glc_amp_kan 25uMIPTG_200nMaTet,0.806,1.605
MVARBS315 TB_Glc_amp_kan 25uMIPTG_200nMaTet_45.mzXML,141896.898925781,51103.8170776367,103753.937011719,14878263.418335,2413815.8059082,2443507.21630859,0.0034347972,45,sample,-17.8630911317,-7.1457416694,-3.0644659933,<LOD,<LOD,<LOD,170731xxxLIM02.xls,MVARBS315,0.1491168808,MVARBS315 TB_Glc_amp_kan 25uMIPTG_200nMaTet,1.914,2.405
MVARBS316 TB_Glc_amp_kan 25uMIPTG_200nMaTet_57.mzXML,848377.689453125,597969.799804688,442224.400634766,15955451.8525391,2678747.81835938,2718068.94824219,0.0374774594,57,sample,-5.5996216802,4.3869780702,7.744180646,<LOD,NA,NA,170731xxxLIM02.xls,MVARBS316,1.6270311109,MVARBS316 TB_Glc_amp_kan 25uMIPTG_200nMaTet,0.911,1.88
MVARBS317 TB_Glc_amp_kan 25uMIPTG_200nMaTet_69.mzXML,746129.696044922,514457.872497559,396012.700683594,14957630.4362793,2463661.01098633,2504326.51806641,0.0343943431,69,sample,-6.7102781684,3.342502846,6.7652820101,<LOD,NA,NA,170731xxxLIM02.xls,MVARBS317,1.4931819555,MVARBS317 TB_Glc_amp_kan 25uMIPTG_200nMaTet,0.645,1.619
MVARBS318 TB_Glc_amp_kan 25uMIPTG_200nMaTet_81.mzXML,750087.8359375,512135.530822754,394077.212402344,16152041.4925537,2701221.02880859,2732779.47387695,0.0317071703,81,sample,-7.6783005959,2.4321624727,5.9120966697,<LOD,NA,NA,170731xxxLIM02.xls,MVARBS318,1.376522137,MVARBS318 TB_Glc_amp_kan 25uMIPTG_200nMaTet,0.42,1.409
MVARBS319 TB_Glc_amp_kan 25uMIPTG_200nMaTet_93.mzXML,795518.226318359,559176.011535645,418641.730712891,17714692.2427979,3020966.21044922,2983069.17358398,0.0315656633,93,sample,-7.7292768282,2.3842237876,5.8671677788,<LOD,NA,NA,170731xxxLIM02.xls,MVARBS319,1.3703788103,MVARBS319 TB_Glc_amp_kan 25uMIPTG_200nMaTet,0.601,2.188
MVARBS320 TB_Glc_amp_kan 25uMIPTG_200nMaTet_10.mzXML,691789.502929688,488847.941101074,364750.874023438,17515079.307251,2970557.55810547,2966811.484375,0.0279101186,10,sample,-9.0461439009,1.1458255558,4.7065214449,<LOD,NA,NA,170731xxxLIM02.xls,MVARBS320,1.2116784854,MVARBS320 TB_Glc_amp_kan 25uMIPTG_200nMaTet,0.561,1.406
MVARBS321 TB_Glc_amp_kan 25uMIPTG_200nMaTet_22.mzXML,119487.511962891,51389.2425537109,98535.728515625,16261397.6311035,2684074.00878906,2733751.86743164,0.0031601984,22,sample,-17.9620121198,-7.2387682013,-3.1516519246,<LOD,<LOD,<LOD,170731xxxLIM02.xls,MVARBS321,0.1371955615,MVARBS321 TB_Glc_amp_kan 25uMIPTG_200nMaTet,1.41,2.455
MVARBS322 TB_Glc_amp_kan 25uMIPTG_200nMaTet_34.mzXML,130618.355712891,63236.0947875977,101092.6640625,18804215.2865601,3178410.41650391,3197131.09912109,0.003362868,34,sample,-17.8890027527,-7.1701092813,-3.087303703,<LOD,<LOD,<LOD,170731xxxLIM02.xls,MVARBS322,0.1459941794,MVARBS322 TB_Glc_amp_kan 25uMIPTG_200nMaTet,1.752,1.518
MVARBS323 TB_Glc_amp_kan 25uMIPTG_200nMaTet_46.mzXML,691427.797851562,481379.077148438,365159.063720703,15243707.1589355,2522454.53686523,2560859.0378418,0.031578872,46,sample,-7.7245185647,2.3886985179,5.8713615665,<LOD,NA,NA,170731xxxLIM02.xls,MVARBS323,1.3709522455,MVARBS323 TB_Glc_amp_kan 25uMIPTG_200nMaTet,0.702,1.657
MVARBS324 TB_Glc_amp_kan 25uMIPTG_200nMaTet_58.mzXML,856383.552246094,580952.300537109,453298.301269531,15280646.6335449,2507307.07128906,2575838.67260742,0.0380188296,58,sample,-5.4045994389,4.5703794201,7.9160672807,<LOD,NA,NA,170731xxxLIM02.xls,MVARBS324,1.6505339334,MVARBS324 TB_Glc_amp_kan 25uMIPTG_200nMaTet,0.706,1.869
MVARBS325 TB_Glc_amp_kan 25uMIPTG_200nMaTet_70.mzXML,885443.419677734,632428.126220703,469016.604248047,14863529.2736816,2461787.31103516,2494237.48730469,0.0425489878,70,sample,-3.772663116,6.1050727073,9.3544060087,<LOD,NA,NA,170731xxxLIM02.xls,MVARBS325,1.8472043718,MVARBS325 TB_Glc_amp_kan 25uMIPTG_200nMaTet,0.885,1.989
MVARBS326 TB_Glc_amp_kan 25uMIPTG_200nMaTet_82.mzXML,121647.593994141,48867.28515625,99715.8073730469,15953575.4658813,2648374.86791992,2670794.33154297,0.003063093,82,sample,-17.9969931993,-7.2716648451,-3.1824831774,<LOD,<LOD,<LOD,170731xxxLIM02.xls,MVARBS326,0.1329798674,MVARBS326 TB_Glc_amp_kan 25uMIPTG_200nMaTet,0.948,1.884
MVARBS327 TB_Glc_amp_kan 25uMIPTG_200nMaTet_94.mzXML,665394.257080078,456811.709228516,362585.423095703,15805473.5960693,2631928.49267578,2625307.98779297,0.0289021209,94,sample,-8.688786714,1.4818887147,5.0214851321,<LOD,NA,NA,170731xxxLIM02.xls,MVARBS327,1.2547448684,MVARBS327 TB_Glc_amp_kan 25uMIPTG_200nMaTet,1.298,2.49
MVARBS328 TB_Glc_amp_kan 25uMIPTG_200nMaTet_11.mzXML,120403.053710938,50757.5449829102,92041.5393066406,17725667.9395752,2978980.95214844,2977989.41015625,0.0028635054,11,sample,-18.068892303,-7.3392796597,-3.245852847,<LOD,<LOD,<LOD,170731xxxLIM02.xls,MVARBS328,0.1243150512,MVARBS328 TB_Glc_amp_kan 25uMIPTG_200nMaTet,1.707,1.487
MVARBS329 TB_Glc_amp_kan 25uMIPTG_200nMaTet_23.mzXML,936173.553955078,652120.963867188,463434.107421875,16171245.0913086,2668096.75244141,2718390.87231445,0.0403259588,23,sample,-4.5734832158,5.35197149,8.6485876827,<LOD,NA,NA,170731xxxLIM02.xls,MVARBS329,1.7506946993,MVARBS329 TB_Glc_amp_kan 25uMIPTG_200nMaTet,1.211,2.057
MVARBS330 TB_Glc_amp_kan 25uMIPTG_200nMaTet_35.mzXML,127211.274658203,49895.24609375,92343.9462890625,15035684.7735596,2482034.88085938,2527658.16796875,0.0033184552,35,sample,-17.9050019659,-7.1851551411,-3.1014049199,<LOD,<LOD,<LOD,170731xxxLIM02.xls,MVARBS330,0.1440660574,MVARBS330 TB_Glc_amp_kan 25uMIPTG_200nMaTet,1.238,2.254
MVARBS331 TB_Glc_amp_kan 25uMIPTG_200nMaTet_47.mzXML,736917.045898438,501777.855834961,394356.733642578,15646976.5046387,2612082.35009766,2652878.71704102,0.0320686783,47,sample,-7.5480715958,2.5546314498,6.0268765246,<LOD,NA,NA,170731xxxLIM02.xls,MVARBS331,1.392216496,MVARBS331 TB_Glc_amp_kan 25uMIPTG_200nMaTet,0.791,1.716
MVARBS332 TB_Glc_amp_kan 25uMIPTG_200nMaTet_59.mzXML,766652.799072266,540295.393798828,413164.891113281,17449182.4713135,2904983.85888672,2946560.13134766,0.0309639374,59,sample,-7.9460415333,2.1803755534,5.676118002,<LOD,NA,NA,170731xxxLIM02.xls,MVARBS332,1.3442557263,MVARBS332 TB_Glc_amp_kan 25uMIPTG_200nMaTet,0.621,1.668
MVARBS333 TB_Glc_amp_kan 25uMIPTG_200nMaTet_71.mzXML,636541.616455078,411395.491638184,308536.194824219,14855957.8757324,2470316.09204102,2482750.07299805,0.0276922899,71,sample,-9.1246141546,1.0720311498,4.6373601649,<LOD,NA,NA,170731xxxLIM02.xls,MVARBS333,1.2022217566,MVARBS333 TB_Glc_amp_kan 25uMIPTG_200nMaTet,0.557,1.665
MVARBS334 TB_Glc_amp_kan 25uMIPTG_200nMaTet_83.mzXML,772593.704833984,533099.309692383,411317.893066406,15356377.8256836,2525982.56689453,2592308.03881836,0.0347151728,83,sample,-6.5947030212,3.451191157,6.8671464075,<LOD,NA,NA,170731xxxLIM02.xls,MVARBS334,1.5071103267,MVARBS334 TB_Glc_amp_kan 25uMIPTG_200nMaTet,0.802,1.82
MVARBS335 TB_Glc_amp_kan 25uMIPTG_200nMaTet_95.mzXML,119713.079101562,48475.5010375977,91872.515625,17120213.4504395,2849910.61108398,2857604.43945312,0.0028314776,95,sample,-18.080429921,-7.3501297797,-3.2560217504,<LOD,<LOD,<LOD,170731xxxLIM02.xls,MVARBS335,0.1229246119,MVARBS335 TB_Glc_amp_kan 25uMIPTG_200nMaTet,1.258,1.724
